Year,Mo,Dy,Location Name,Latitude,Longitude,Focal Depth (km),Mag,Total Deaths
2000,1,3,INDIA-BANGLADESH BORDER:  MAHESHKHALI,22.132,92.771,33,4.6,
2000,1,11,CHINA:  LIAONING PROVINCE,40.498,122.994,10,5.1,
2000,1,14,CHINA:  YUNNAN PROVINCE:  YAOAN COUNTY,25.607,101.063,33,5.9,7
2000,2,2,"IRAN:  BARDASKAN, KASHMAR",35.288,58.218,33,5.3,1
2000,2,7,SOUTH AFRICA; SWAZILAND:  MBABANE-MANZINI,-26.288,30.888,5,4.5,
2000,3,28,JAPAN:  VOLCANO ISLANDS,22.338,143.73,127,7.6,
2000,4,5,GREECE:  CRETE,34.22,25.69,38,5.5,
2000,5,4,"INDONESIA:  SULAWESI:  LUWUK, BANGGAI, PELENG,",-1.105,123.573,26,7.6,46
2000,5,7,"TURKEY:  DOGANYOL, PUTURGE",38.164,38.777,5,4.1,
2000,5,17,TAIWAN:  TAI-CHUNG COUNTY,24.223,121.058,10,5.4,3
2000,6,4,"INDONESIA:  SUMATRA:  BENGKULU, ENGGANO",-4.721,102.087,33,7.9,103
2000,6,6,"TURKEY:  CERKES, CUBUK, ORTA",40.693,32.992,10,6,2
2000,6,7,CHINA:  YUNNAN PROVINCE:  LIUKU; MYANMAR,26.856,97.238,33,6.3,
2000,6,7,INDONESIA:  SOUTHERN SUMATERA:  LAHAT,-4.612,101.905,33,6.7,1
2000,6,10,TAIWAN:  NAN-TOU,23.843,121.225,33,6.4,2
2000,6,17,"ICELAND:  VESTMANNAEYJAR, HELLA",63.966,-20.487,10,6.5,
2000,6,18,"AUSTRALIA:  S, COCOS ISLANDS",-13.802,97.453,10,7.9,
2000,6,21,"ICELAND:  GRIMSNES, SELFOSS, EYRARBAKKI, STOKKSEYRI",63.98,-20.758,10,6.5,
2000,7,1,JAPAN:  NEAR S COAST HONSHU:  KOZU-SHIMA,34.221,139.131,10,6.1,1
2000,7,6,NICARAGUA:  MASAYA,11.884,-85.988,33,5.4,7
2000,7,12,"INDONESIA: JAWA:BANDUNG,CIBADAK,CIMANDIRI,KADUDAMPIT",-6.675,106.845,33,5.4,
2000,7,15,JAPAN:  NEAR S COAST HONSHU:  NII-JIMA,34.319,139.26,10,6.1,
2000,7,16,"PHILIPPINES:  BASCO, MOUNT IRADA, BATAN ISLANDS",20.253,122.043,33,6.4,
2000,7,30,JAPAN:  HONSHU:  S,33.901,139.376,10,6.5,
2000,8,4,"RUSSIA:  SAKHALIN ISLAND, UGLEGORSK, MAKAROV",48.786,142.246,10,6.8,
2000,8,21,CHINA:  YUNNAN PROVINCE:  WUDING,25.826,102.194,33,4.2,1
2000,9,3,CALIFORNIA:  NAPA,38.379,-122.413,10,5,
2000,10,2,"TANZANIA:  NKANSI, RUKWA",-7.977,30.709,34,6.5,
2000,10,6,"JAPAN:  HONSHU:  W:  OKAYAMA, TOTTORI",35.456,133.134,10,6.7,
2000,10,30,AFGHANISTAN-TAJIKISTAN:  RAKHOR,37.542,69.582,33,5.1,
2000,11,8,PANAMA-COLOMBIA:  JURADO,7.042,-77.829,17,6.5,
2000,11,16,"PAPUA NEW GUINEA:  NEW IRELAND, DUKE OF YORK",-4.001,152.327,17,8,2
2000,11,16,"PAPUA NEW GUINEA:  NEW IRELAND, NEW BRITAIN",-5.233,153.102,30,7.8,
2000,11,17,PAPUA NEW GUINEA:  NEW BRITAIN,-5.496,151.781,33,7.8,
2000,11,25,AZERBAIJAN:  BAKU,40.245,49.946,50,6.8,31
2000,12,6,TURKMENISTAN:  NEBITDAG-TURKMENBASHI,39.566,54.799,30,7,11
2000,12,15,TURKEY:  AFYON-BOLVADIN,38.457,31.351,10,6,6
2001,1,1,PHILIPPINES:  MINDANAO,6.898,126.579,33,7.5,
2001,1,13,EL SALVADOR; GUATEMALA,13.049,-88.66,60,7.7,844
2001,1,26,"INDIA:  GUJARAT:  BHUJ, AHMADABAD, RAJOKOT; PAKISTAN",23.419,70.232,16,7.7,20005
2001,2,13,EL SALVADOR: SAN JUAN TEPEZONTES-SAN VICENTE-COJUTEP,13.671,-88.938,10,6.6,315
2001,2,19,LAOS;  VIETNAM: DIENBIEN PHU,21.396,102.715,10,4.9,
2001,2,23,"CHINA:  SICHUAN PROVINCE:  KANGDING, YAJIANG",29.513,101.129,33,5.6,3
2001,2,28,"WASHINGTON:  OLYMPIA, SEATTLE, TACOMA",47.149,-122.727,52,6.8,1
2001,3,24,"JAPAN:  HIROSHIMA, OKAYAMA, HONSHU, KAGAMA",34.083,132.526,50,6.8,2
2001,5,8,EL SALVADOR:  CONCHAGUA,13.605,-88.795,10,5.7,1
2001,5,23,CHINA:  YUNNAN:  NINGLANG; SICHUAN:  YANYUAN,27.689,101.003,33,5.5,2
2001,6,1,AFGHANISTAN:  HINDU KUSH:  PARVAN,35.169,69.389,62,5,4
2001,6,23,"PERU:  AREQUIPA, MOQUEGUA, TACNA, AYACUCHO",-16.265,-73.641,33,8.4,103
2001,6,25,TURKEY:  OSMANIYE,37.238,36.206,5,5.5,
2001,7,5,"PERU:  CARAVELI, CHALA, ARICA, IQUIQUE, PARINACOTA",-16.086,-73.987,62,6.6,
2001,7,7,"PERU:  AREQUIPA, ARICA",-17.543,-72.077,33,7.6,1
2001,7,14,CHINA:  YUNNAN PROVINCE:  JIANGCHUAN,24.455,102.66,33,4.3,
2001,7,26,GREECE:  SKYROS,39.059,24.244,10,6.5,
2001,8,9,PERU:  ANTABAMA,-14.258,-72.683,33,5.8,4
2001,9,9,CALIFORNIA:  LOS ANGELES,34.059,-118.387,5,4.2,
2001,10,12,CANADA:  QUEEN CHARLOTTE ISLANDS,52.63,-132.2,20,6.1,
2001,10,12,GUAM,12.686,144.98,37,7,
2001,10,19,INDONESIA:  BANDA SEA,-4.102,123.907,33,7.5,
2001,10,27,CHINA:  YUNNAN PROVINCE:  YONGSHENG,26.316,100.648,10,5.6,1
2001,11,14,CHINA:  QINGHAI PROVINCE:  XIDATAN,35.946,90.541,10,7.8,
2001,12,18,TAIWAN,23.954,122.734,14,6.8,
2001,12,19,BANGLADESH:  DHAKA,23.632,90.376,10,4.5,
2002,1,2,"VANUATU ISLANDS:  EFATE, PORT VILA",-17.6,167.856,21,7.2,
2002,1,9,TAJIKISTAN:  ROGHUN,38.673,69.902,33,5.3,3
2002,1,10,PAPUA NEW GUINEA:  AITAPE,-3.212,142.427,11,6.7,1
2002,1,14,"CHILE: NORTHERN: CUYA, HUARA, IQUIQUE, POZO ALMONTE",-19.384,-69.231,33,5.6,
2002,1,17,RWANDA:  GISENYI,-1.684,29.077,15,4.7,1001
2002,1,30,"MEXICO:  VERACRUZ:  SAN ANDRES TUXTLA, TUXTEPEC",18.194,-95.908,109,5.9,
2002,2,3,TURKEY:  AFYON,38.573,31.271,5,6.5,44
2002,2,3,TAJIKISTAN:  ROGHUN,38.773,69.924,44,4.9,
2002,2,17,IRAN:  BAGHAN,28.093,51.755,33,5.4,1
2002,2,22,"MEXICO:  MEXICALI, BAJA CALIFORNIA",32.319,-115.322,7,5.5,
2002,3,3,"AFGHANISTAN:  HINDU KUSH:  SAMANGHAN, KABUL, RUSTAQ",36.502,70.482,226,7.4,166
2002,3,5,PHILIPPINES:  MINDANAO,6.033,124.249,31,7.5,15
2002,3,25,"AFGHANISTAN:  HINDU KUSH:  BAGHLAN, NAHRIN",36.062,69.315,8,6.1,1000
2002,3,26,JAPAN:  RYUKYU ISLANDS,23.346,124.09,33,6.4,
2002,3,31,TAIWAN:  TAIPEI,24.279,122.179,33,7.1,5
2002,4,1,"CHILE:  CENTRAL:  COQUIMBO, LA SERENA, OVALLE",-29.67,-71.384,71,6.4,
2002,4,12,TAJIKISTAN; AFGHANISTAN: DO ABI-NAHRIN,39.959,69.417,10,5.9,50
2002,4,18,"CHILE:  COPIAPO, TALTAL",-27.535,-70.586,62,6.6,
2002,4,20,"NEW YORK:  CLINTON, ESSEX, AU SABLE FORKS",44.513,-73.699,11,5.2,
2002,4,24,BALKANS NW:  KOSOVO; MACEDONIA:  N,42.436,21.466,10,5.7,1
2002,4,24,IRAN:  WESTERN:  KERMANSHAH,34.642,47.4,33,5.4,2
2002,4,25,GEORGIA:  TBILISI,41.765,44.96,10,4.3,5
2002,4,26,GUAM,13.088,144.619,86,7.1,
2002,5,18,TANZANIA:  BUNDA,-2.907,33.733,10,5.5,2
2002,5,28,"ARGENTINA:  AMINGA, ANILLACO, AGUA BLANCA, CHUQUIS",-28.937,-66.797,22,6,
2002,6,20,"BANGLADESH:  RANGPUR, THAKURGAON, ALMANAGAR",25.842,88.932,40,4.5,
2002,6,22,IRAN:  AB GARM-ABHAR-AVAJ-SHIRIN SU,35.626,49.047,10,6.5,261
2002,7,22,"GERMANY:  AACHEN, COLOGNE, SPANGDAHLEM",50.889,6.103,17,4.8,
2002,7,31,"PANAMA:  BARU, ALANJE, DAVID; COSTA RICA:  LAUREL",7.929,-82.793,10,6.5,
2002,8,8,CHINA:  SICHUAN PROVINCE:  RULONG,30.916,99.927,33,5.3,
2002,8,14,NORTHERN MARIANA ISLANDS:  SAIPAN,14.101,146.199,30,6.5,
2002,8,15,INDONESIA:   SULAWESI:  TOJO,-1.196,121.333,10,6.2,48
2002,8,19,FIJI ISLANDS,-21.696,-179.513,580,7.7,
2002,8,19,FIJI ISLANDS,-23.884,178.495,675,7.7,
2002,8,24,EGYPT:  CAIRO,30.2,31.41,10,4.4,
2002,9,2,"IRAN: KAK, RAZAN, SIZAN",35.701,48.838,10,5.2,
2002,9,5,KYRGYZSTAN,39.77,72.007,32,5.5,
2002,9,6,ITALY:  SICILY:  PALERMO,38.381,13.701,5,6,2
2002,9,8,"PAPUA NEW GUINEA:  KAIRIRU IS, MUSCHU IS, WEWAK",-3.26,142.94,13,7.6,4
2002,9,13,"INDIA:  ANDAMAN ISLANDS:  RONGAT, DIGLIPUR,ARIEL BAY",13.036,93.068,21,6.5,2
2002,9,20,INDONESIA:  NEW GUINEA:  IRIAN JAYA:  RANSIKI,-1.68,134.234,10,6.4,
2002,9,22,"UNITED KINGDOM:  MANSFIELD, DUDLEY",52.52,-2.15,9,4.8,
2002,9,25,MEXICO:  ACAPULCO,16.87,-100.113,6,5.3,
2002,9,25,IRAN:  MASJED-E SOLEYMAN,31.995,49.329,10,5.6,
2002,9,30,"FRANCE:  HENNEBONT, LANGUIDIC, LORIENT, TREMOREL",47.832,-3.207,10,4.2,
2002,10,10,"INDONESIA: NEW GUINEA: MANOKWARI, ORANSBARI, RANSIKI",-1.757,134.297,10,7.6,8
2002,10,23,"ALASKA:  CANTWELL, DENALI NATL PARK",63.514,-147.912,4,6.7,
2002,10,24,"CONGO: GOMA, LWIRO, BUKAVU; RWANDA:  MUGERA, KIGALI",-1.884,29.004,11,6.2,2
2002,10,29,ITALY:  SICILY:  SANTA VENERINA,37.67,15.267,10,4.3,
2002,10,31,"ITALY:  SAN GUILIANO DI PUGLIA, CAMPOBASSO",41.789,14.872,10,5.7,29
2002,11,1,PAKISTAN:  GILGIT,35.517,74.654,33,5.4,11
2002,11,2,INDONESIA:  SUMATERA:  SIMEULUE,2.824,96.085,30,7.3,3
2002,11,3,"ALASKA:  SLANA, MENTASTA LAKE, FAIRBANKS",63.517,-147.444,5,7.9,
2002,11,20,"PAKISTAN:  DASHKIN, DOIAN, MUSHKIN",35.414,74.515,33,6.3,19
2002,11,27,VANUATU ISLANDS: MERE LAVA ISLAND,-14.49,167.827,33,5.9,
2002,12,2,"GREECE:  MEGALOPOLIS, VARTHOLOMION",37.747,21.087,10,5.7,
2002,12,14,CHINA:  GANSU PROVINCE:  YUMNE,39.736,97.443,22,5.5,2
2002,12,24,IRAN:  KERMANSHAH,34.594,47.454,33,5.2,
2002,12,25,CHINA:  XINJIANG:  WUQIA,39.57,75.254,10,5.7,
2002,12,25,AFGHANISTAN:  JALALABAD,35.704,69.868,91,5.5,
2003,1,11,"IRAN:  KAZERUN, NURABAD",29.59,51.474,33,5.2,
2003,1,20,"SOLOMON ISLANDS:  HONIARA, SAN CRISTOBAL",-10.491,160.77,33,7.3,
2003,1,22,"MEXICO:  VILLA DE ALVAREZ, COLIMA, TECOMAN, JALISCO",18.77,-104.104,24,7.5,29
2003,1,23,INDONESIA:  SUMBAWA ISLAND:  DOMPU,-8.807,118.524,33,5.5,
2003,1,26,"ITALY:  SPINELLO, SANTA SOFIA, BAGNO DI ROMAGNA",43.883,11.96,7,4.7,
2003,1,27,"TURKEY:  SAGLAMTAS, PULUMUR",39.5,39.878,10,6.1,1
2003,2,13,CHINA:  N. XINJIANG:  URUMQI,43.897,85.923,24,5.3,
2003,2,15,PHILIPPINES: LUZON:  DIMASALANG,12.171,123.921,10,5.8,
2003,2,15,"PHILIPPINES: MASBATE, DIMASALANG",12.168,124.079,10,6.3,
2003,2,22,CALIFORNIA:  BIG BEAR CITY,34.31,-116.848,1,5.2,
2003,2,22,"FRANCE:  BACCARAT, COLMAR, THANN; GERMANY:  EDIGEN",48.342,6.57,10,5,
2003,2,24,CHINA:  S. XINJIANG:  BACHU,39.61,77.23,11,6.3,261
2003,2,25,CHINA:  S. XINJIANG:  BACHU,39.483,77.393,10,5.4,5
2003,3,21,"INDONESIA:  JAVA:  CARACAS, CILIMUS, SAMPORA",-6.983,108.468,33,4.6,
2003,3,22,GERMANY:  ALBSTADT,48.21,9,6,4.7,
2003,3,25,INDONESIA:  FLORES:  REO,-8.294,120.743,33,6.5,4
2003,3,25,BHUTAN:  PHUENTSHOLING,27.264,89.331,47,5.5,
2003,4,10,"TURKEY:  IZMIR, SEFERIHISAR",38.221,26.958,10,5.7,
2003,4,17,CHINA:  QINGHAI PROVINCE:  DELINGHA,37.529,96.476,14,6.4,
2003,4,29,"ALABAMA:  FORT PAYNE,GAYLESVILLE,VALLEY HEAD",34.494,-85.629,20,4.6,
2003,5,1,TURKEY:  BINGOL,39.007,40.464,10,6.4,177
2003,5,4,CHINA:  S. XINJIANG:  YOPURGA,39.43,77.219,10,5.8,1
2003,5,21,"ALGERIA:  ALGIERS, BOUMERDES, REGHIA, THENIA",36.964,3.634,12,6.8,2287
2003,5,26,"JAPAN:  HONSHU:  IWATE, MIYAGI, YAMAGATA, AKITA",38.849,141.568,68,7,
2003,5,26,"INDONESIA:  MOROTAI, BEREBERE, DARUBA",2.354,128.855,31,7,1
2003,5,27,"ALGERIA:  ALGIERS, BOUMERDES, REGHAIA",36.939,3.578,8,5.7,9
2003,6,6,KENTUCKY:  BARDWELL,36.87,-88.98,3,4,
2003,6,9,"GREECE:  GONNOI, LARISA",39.893,22.309,18,5.2,
2003,6,20,"CHILE:  OVALLE, COQUIMBO; ARGENTINA:  SAN JUAN",-30.608,-71.637,33,6.8,
2003,7,3,"IRAN:  NORTHEASTERN: YAKHAK, BASHIRABAD, BUTEHGAZ",35.476,60.784,41,5.2,
2003,7,10,IRAN:  SOUTHERN: GAJJIABAD,28.355,54.169,10,5.8,1
2003,7,15,INDIAN OCEAN:  FELT IN MALDIVES,-2.598,68.382,10,7.6,
2003,7,21,CHINA:  YUNNAN PROVINCE,25.975,101.29,10,5.9,16
2003,7,25,"JAPAN:  HONSHU:  MIYAGI, IWATE",38.432,141.003,10,5.5,
2003,7,26,TURKEY:  WESTERN:  BULDAN,38.111,28.887,10,4.5,
2003,7,26,TURKEY:  WESTERN:  BULDAN,38.019,28.927,10,5.4,
2003,7,26,BANGLADESH:  RANGAMATI,22.854,92.306,10,5.7,2
2003,8,4,SCOTIA SEA:  SOUTH ORKNEY ISLANDS: LAURIE IS,-60.532,-43.411,10,7.6,
2003,8,11,INDONESIA:  HALMAHERA:  WASILE,1.142,128.152,10,6,
2003,8,13,"PANAMA:  COLON, PANAMA CITY",9.355,-79.941,54,5.4,
2003,8,14,"GREECE:  LEFKADA, PREVEZA",39.16,20.605,10,6.3,
2003,8,16,"CHINA:  NEI MONGOL:  LINDONG, TIANSHAN",43.77,119.643,24,5.4,4
2003,8,18,"CHINA:  TIBET (XIZANG PROVINCE): BOMI,MEDOG,NYINGCHI",29.573,95.605,33,5.5,
2003,8,21,"NEW ZEALAND:  DUNEDIN,INVERCARGILL,TE ANAU,FIORDLAND",-45.104,167.144,28,7.2,
2003,9,14,"ITALY:  LOIANO, MONGHIDORO, MONZUNO",44.329,11.45,10,5.3,
2003,9,20,JAPAN:  HONSHU:  TOKYO,34.998,140.172,52,5.7,
2003,9,21,MYANMAR (BURMA):  TAUNGDWINGYI; THAILAND:  BANGKOK,19.917,95.672,10,6.6,
2003,9,22,"DOMINICAN REPUBLIC:  PUERTO PLATA, SANTIAGO",19.777,-70.673,10,6.4,3
2003,9,25,JAPAN:  HOKKAIDO,41.815,143.91,27,8.3,2
2003,9,27,"RUSSIA:  KOSH-AGACH, UST'-ULAGAN, ONGUDAI, SHEBALINO",50.038,87.813,16,7.3,3
2003,9,29,RUSSIA:  KOSH-AGACH,50,87.89,10,4.4,
2003,9,29,NEW ZEALAND:  CHRISTCHURCH,-43.34,173.04,32,4.8,
2003,10,1,"RUSSIA:  KOSH-AGACH, BARNAUL, GORNO-ALTAYSK",50.211,87.721,10,6.7,
2003,10,15,JAPAN:  NEAR S COAST HONSHU:  ATSUGI,35.457,139.871,78,5.2,
2003,10,16,"DOMINICAN REPUBLIC:   MOCA, SANTIAGO",19.761,-70.693,10,4.5,
2003,10,16,CHINA:  YUNNAN PROVINCE:  DAYAO,25.954,101.254,33,5.6,3
2003,10,25,"CHINA:  GANSU PROVINCE:  MINLE, SHANDAN",38.4,100.951,10,5.8,9
2003,10,31,JAPAN:  EAST COAST HONSHU,37.812,142.619,10,7,
2003,11,13,"CHINA:  GANSU PROVINCE:  JONE, LINTAN, MINXIAN",34.712,103.834,10,5.1,1
2003,11,14,"CHINA:  YUNNAN PROVINCE:  LUDIAN, ZHAOTONG",27.372,103.971,33,5.6,4
2003,11,17,ALASKA:  ALEUTIAN ISLANDS:  RAT ISLANDS,51.146,178.65,33,7.8,
2003,11,18,PHILIPPINES:  SAMAR:  CAN-AVID,12.025,125.416,35,6.5,1
2003,11,26,CHINA:  YUNNAN PROVINCE:  LUDIAN,27.283,103.753,33,4.7,
2003,12,1,CHINA:  XINJIANG:  ZHAOSU,42.905,80.515,10,6,11
2003,12,5,"INDONESIA:  FLORES, RUTENG",-8.137,120.524,33,4.9,
2003,12,10,"TAIWAN:  T'AI-TUNG, KAO-HSIUN",23.039,121.362,10,6.8,
2003,12,11,IRAN:  WESTERN:  MASJED-E- SOLEYMAN,31.953,49.209,33,5,
2003,12,17,BULGARIA: POVADIYA,43.083,27.486,34,4.4,
2003,12,22,"CALIFORNIA:  PASO ROBLES,TEMPLETON,ATASCADERO",35.706,-121.102,8,6.6,2
2003,12,25,PANAMA-COSTA RICA:  PUERTO ARMUELLES,8.416,-82.824,33,6.5,2
2003,12,26,"IRAN:  SOUTHEASTERN:  BAM, BARAVAT",28.995,58.311,10,6.6,31000
2003,12,27,NEW CALEDONIA:  LOYALTY ISLANDS,-22.015,169.766,10,7.3,
2004,1,1,"INDONESIA:  BALI, LOMBOK",-8.31,115.788,45,5.8,1
2004,1,1,"MEXICO:  GUERRERO, MEXICO CITY",17.488,-101.303,29,6.1,
2004,1,10,SLOVAKIA:  SLOVENSKO L'UPCA,48.758,19.217,5,2.2,
2004,1,10,"ALGERIA:  NORTHERN:  ALGIERS, BOUMERDES",36.852,3.418,10,4.4,
2004,1,14,IRAN:  SOUTHERN:  FIRUZABAD,27.695,52.397,12,5.2,
2004,1,28,INDONESIA:  SERAM,-3.12,127.4,17,6.7,
2004,2,4,PANAMA-COSTA RICA:  CHIRIQUI,8.358,-82.877,29,6.1,
2004,2,5,INDONESIA:  NABIRE,-3.615,135.538,17,7,37
2004,2,7,INDONESIA:  NABIRE,-4.003,135.023,10,7.3,
2004,2,11,"JORDAN:  MA'IN; ISRAEL:  JERUSALEM, PETAH-TIQWA",31.675,35.551,27,5.3,
2004,2,14,"PAKISTAN:  BALAKOT, BATGRAM, MANSEHRA",34.774,73.216,11,5.4,24
2004,2,16,INDONESIA:  SUMATRA:  PADANGPANJANG,-0.466,100.655,56,5.1,5
2004,2,22,INDONESIA:  SUMATRA:  PESISIR SELATAN,-1.559,100.488,42,6,
2004,2,24,BURUNDI:  RUYAGA,-3.393,29.558,10,4.7,3
2004,2,24,"MOROCCO:  AL HOCEIMA, IMZOURENE, BENI ABDALLAH",35.142,-3.997,0,6.4,628
2004,3,1,GREECE:  SOUTHERN:  KALAMATA,37.136,22.116,9,5.2,
2004,3,24,"CHINA:  NEI MONGOL:  BAYAN UL HOT, ULIASTAI",45.382,118.256,19,5.4,
2004,3,25,TURKEY:  ERZURUM,39.93,40.812,,5.6,10
2004,3,28,TURKEY:  ASKALE,39.847,40.874,5,5.6,
2004,4,5,"AFGHANISTAN:  HINDU KUSH:  KABUL, SAMANGAN; PAKISTAN",36.512,71.029,187,6.5,3
2004,4,9,INDONESIA:  SUMATRA:  PADANG,-1.549,100.54,66,5.4,
2004,4,16,INDONESIA:  BALI,-8.669,114.65,96,5.5,
2004,4,23,INDONESIA:  TIMOR: KUPANG,-9.362,122.839,66,6.7,
2004,5,1,TAIWAN:  HUALIEN: TAROKO GORGE NATIONAL PARK,24.081,121.611,45,5.2,2
2004,5,3,CHILE: CANETE,-37.695,-73.406,21,6.6,
2004,5,4,CHINA:  QINGHAI PROVINCE:  DELINGHA,37.506,96.758,14,5.4,
2004,5,8,IRAN:  KAZERUN,29.881,51.474,67,5,
2004,5,8,PAKISTAN:  QUETTA,30.126,67.121,10,4.5,1
2004,5,19,PHILIPPINES:  BOHOL ISLAND:  TUBIGON,9.926,124.038,35,4.1,
2004,5,28,"IRAN:  MAZANDARAN, QAZVIN, TEHRAN",36.29,51.61,17,6.3,35
2004,5,30,"RUSSIA:  SAKHALIN, YUZHNO, SAKHALINSK",47.311,142.12,14,4.9,
2004,6,9,SAUDI ARABIA: WESTERN,27.836,36.905,10,4.6,
2004,6,15,"CHILE: CARAHUE, IMPERIAL, TEMUCO",-38.854,-73.155,38,5.9,
2004,7,1,TURKEY:  DOGUBEYAZIT,39.766,43.979,5,5.1,18
2004,7,12,"SLOVENIA: BOVEC, KOBARID",46.296,13.641,8,5.2,1
2004,7,14,AFGHANISTAN: HERAT,34.89,61.852,,4.6,
2004,7,18,"NEW ZEALAND:  NORTH ISLAND:  ROTORUA, TAURANGA",-38,176.51,5,5.4,1
2004,7,18,AFGHANISTAN: PAKTIA PROVINCE,33.426,69.524,10,5.2,2
2004,7,30,TURKEY:  DOGUBEYAZIT,39.634,43.966,5,4,1
2004,8,4,TURKEY:  BODRUM,36.833,27.815,10,5.6,
2004,8,10,CHINA:  YUNNAN PROVINCE:  LUDIAN,27.266,103.873,6,5.4,4
2004,8,11,"TURKEY:  ELAZIG, SIVRICE",38.377,39.261,7,5.7,1
2004,9,5,JAPAN:  HONSHU:  W COAST: KYOTO,33.07,136.618,14,7.2,
2004,9,5,"JAPAN:  HONSHU:  W COAST: KYOTO, WAKAYAMA, SAKAI",33.184,137.071,10,7.4,
2004,9,7,ARGENTINA: CATAMARCA,-28.573,-65.84,22,6.1,1
2004,9,7,CHINA:  GANSU PROVINCE,34.682,103.781,10,5.2,
2004,9,21,"POLAND: SUWALKI; RUSSIA: KALININGRAD, SVETLOGORSK",54.841,19.912,10,4.8,
2004,9,28,"CALIFORNIA:  CENTRAL: PARKFIELD, SAN MIGUEL",35.819,-120.364,9,6,
2004,10,1,"NICARAGUA:  CHINANDEGA, LEON",11.989,-86.52,87,5.6,
2004,10,7,IRAN:  GOLESTAN,37.125,54.477,35,5.6,
2004,10,15,TAIWAN:  T'AO-YUAN,24.53,122.694,94,6.6,
2004,10,18,CHINA:  YUNNAN PROVINCE:  BAOSHAN,25.073,99.169,30,4.4,
2004,10,23,JAPAN:  HONSHU:  NIIGATA PREFECTURE,37.226,138.779,16,6.6,40
2004,10,27,JAPAN:  HONSHU:  NIIGATA PREFECTURE,37.284,138.885,14,5.9,
2004,10,27,"ROMANIA:  BUCHAREST, BRAILA; BULGARIA:  NORTHERN",45.787,26.622,96,5.8,
2004,11,2,CANADA:  VANCOUVER ISLAND,49.277,-128.772,10,6.6,
2004,11,4,GREECE:  CRETE:  ANTIKYTHIRA,35.945,23.115,74,5.2,
2004,11,8,JAPAN:  HONSHU:  NIIGATA PREFECTURE,37.396,138.862,10,5.5,
2004,11,11,INDONESIA:  KEPULAUAN ALOR,-8.152,124.868,10,7.5,34
2004,11,15,"COLOMBIA:  BAJO BAUDO, BUENAVENTURA, CERRITO",4.695,-77.508,15,7.2,
2004,11,19,IRAN:  W,32.023,48.836,37,4.8,
2004,11,20,"COSTA RICA:  SAN JOSE, PARRITA, QUEPOS",9.602,-84.172,16,6.4,8
2004,11,21,"GUADELOUPE:  BASSE-TERRE, LES SAINTES",15.679,-61.706,14,6.3,1
2004,11,22,"IRAN:  KHORRAMABAD, POL-E DOKHTAR",33.297,47.977,36,5,
2004,11,22,"NEW ZEALAND:  INVERCARGILL, SOUTHLAND, OTAGO",-46.676,164.721,10,7.1,
2004,11,24,ITALY:  NORTHERN:  BRESCIA,45.626,10.559,17,5.1,
2004,11,26,INDONESIA:  NABIRE,-3.609,135.404,10,7.1,32
2004,11,28,"JAPAN:  HOKKAIDO:  BEKKAI, KUSHIRO, NEMOURO",43.006,145.119,39,7,
2004,12,1,ALGERIA:  BOUMERDAS,36.848,3.448,10,4.5,
2004,12,2,TRINIDAD:  MAYARO,10.49,-61.48,49,5.8,
2004,12,5,"GERMANY:  EMMENDINGEN, FREIBURG IM BREISGAU",48.115,8.077,10,4.8,
2004,12,5,ALGERIA:  ZEMMOURI,36.865,3.421,10,4.5,
2004,12,6,JAPAN:  HOKKAIDO:  KUSHIRO,42.9,145.228,35,6.8,
2004,12,9,"INDIA:  HAILAKANDI, CACHAR",24.757,92.539,35,5.4,
2004,12,14,"JAPAN:  HOKKAIDO:  OBIRO, HABORO, TOMAMAE",44.119,141.793,10,5.8,
2004,12,20,TURKEY:  MARMARIS,37.042,28.206,5,5.4,
2004,12,23,AUSTRALIA:  MACQUARIE ISLAND,-49.312,161.345,10,8.1,
2004,12,26,INDONESIA:  SUMATRA:  ACEH:  OFF WEST COAST,3.316,95.854,30,9.1,227899
2005,1,10,IRAN:  GORGAN,37.103,54.574,32,5.4,
2005,1,19,JAPAN:  EAST COAST HONSHU,34.064,141.491,28,6.6,
2005,1,20,NEW ZEALAND:  NORTH ISLAND,-41.223,175.21,39,5.3,
2005,1,23,INDONESIA:  SULAWESI:  PALU,-1.198,119.933,11,6.3,1
2005,1,24,"ECUADOR:  NEAR WEST COAST:  PUERTO LOPEZ, SALANGO",-1.364,-80.785,17,6.1,
2005,1,25,CHINA:  YUNNAN PROVINCE:  SIMAO,22.526,100.709,12,4.8,
2005,1,25,TURKEY:  HAKKARI,37.622,43.703,41,5.9,2
2005,1,29,"SPAIN:  LA PACA, ZARCILLA DE RAMOS",37.91,-1.82,5,4.4,
2005,2,2,INDONESIA:  JAVA:  GARUT,-7.037,107.819,15,4.8,1
2005,2,14,GUADELOUPE,15.775,-61.744,12,5.8,
2005,2,14,CHINA:  XINJIANG PROVINCE:  WUSHI,41.728,79.44,22,6.1,
2005,2,15,INDIA:  KHASPUR,24.55,92.524,35,5.1,
2005,2,22,IRAN:  KERMAN PROVINCE:  ZARAND,30.754,56.816,14,6.4,612
2005,3,2,PAKISTAN:  QUETTA,30.378,68.038,52,4.9,
2005,3,9,"SOUTH AFRICA:  KLERKSDORP, STILFONTEIN",-26.913,26.789,5,4.3,2
2005,3,12,"TURKEY:  CAT, KARLIOVA",39.44,40.978,11,5.6,
2005,3,13,IRAN:  SARAVAN,27.095,61.887,54,6,
2005,3,14,TURKEY:  EASTERN:  BINGOL PROVINCE,39.354,40.89,5,5.8,
2005,3,14,"INDIA:  MAHARASHTRA:  KOLHAPUR, RATNAGIRI, SATARA",17.145,73.73,10,4.9,
2005,3,15,INDIA:  MAHARASHTRA:  DHEBEWADI,17.072,73.668,10,4.3,
2005,3,20,"JAPAN:  KYUSHU:  FUKUOKA, GENKAI",33.807,130.131,10,6.6,1
2005,3,28,INDONESIA:  SUMATERA:  SW,2.085,97.108,30,8.6,1313
2005,4,10,INDONESIA:  PADANG,-1.644,99.607,19,6.7,
2005,6,13,CHILE:  TARAPACA,-19.987,-69.197,116,7.7,11
2005,6,15,CALIFORNIA:  OFF COAST NORTHERN,41.301,-125.97,10,7.2,
2005,7,5,INDONESIA:  SUMATRA:  NIAS ISLAND:  GUNUNGSITOLI,1.819,97.082,21,6.7,
2005,7,9,INDONESIA:  SULAWESI:  DONGGALA,-1.174,119.963,32,5.9,
2005,7,10,ALBANIA:  TROPOJE,42.389,19.812,4,5.2,
2005,7,18,INDONESIA:  TIMOR:  TIMOR TENGAH UTARA,-9.948,124.48,10,5.3,
2005,7,23,JAPAN:  HONSHU:  TOKYO,35.498,139.982,61,5.9,
2005,7,24,"INDIA:  ANDAMAN ISLANDS,  NICOBAR ISLANDS",7.92,92.19,16,7.2,
2005,7,25,CHINA:  DAQING,46.827,125.058,48,4.7,1
2005,7,26,"MONTANA:  DILLON, SILVER STAR, TWIN BRIDGES",45.365,-112.615,13,5.6,
2005,7,30,"TURKEY:  BAHCEKARADALAK, SIRAPINAR, YENIYAPANSEYHLI",39.437,33.089,5,5.3,
2005,8,5,CHINA:  YUNNAN PROVINCE:  HUIZE,26.569,103.036,42,4.8,
2005,8,5,VIETNAM:  HO CHI MINH CITY,9.985,108.383,10,4.5,
2005,8,9,IRAN:  FIRUZABAD,28.85,52.56,10,5.1,
2005,8,13,CHINA:  YUNNAN PROVINCE:  WENSHAN,23.627,104.103,10,4.5,
2005,8,14,CHILE:  TARAPACA,-19.78,-68.98,11,5.8,
2005,8,14,INDIA:  MAHARASHTRA,17.398,74.118,35,4.4,
2005,8,16,JAPAN:  EAST COAST HONSHU,38.276,142.039,36,7.2,
2005,8,16,INDIA:  UTTARANCHAL:  UTTARKAHI,30.924,78.56,43,4.4,
2005,8,30,"INDIA: MAHARASHTRA: AMBEGHAR, DICHOLI, KISRULE",17.067,73.773,10,4.7,
2005,9,9,PAPUA NEW GUINEA:  NEW IRELAND,-4.539,153.474,90,7.7,
2005,9,24,ETHIOPIA:  DABBAHU,12.471,40.634,12,5.6,
2005,9,26,"PERU:  LAMAS, CHACHAPOYAS, MOYOBAMBA, TARAPOTA",-5.678,-76.398,115,7.5,5
2005,10,1,PERU:  MOQUEGUA,-16.635,-70.794,20,5.3,
2005,10,8,"PAKISTAN:  MUZAFFARABAD, URI, ANANTNAG, BARAMULA",34.539,73.588,26,7.6,76213
2005,10,20,TURKEY:  IZMIR,38.152,26.751,10,5.9,1
2005,10,24,ECUADOR:  BAEZA,-0.507,-77.745,35,4.8,
2005,10,27,CHINA:  GUANGXI PROVINCE,23.604,107.798,10,4.2,1
2005,10,31,PERU:  N,-5.852,-78.704,40,5.4,
2005,11,14,JAPAN:  EAST COAST HONSHU,38.107,144.896,11,7,
2005,11,26,"CHINA:  JIANGXI:  JIUJIANG, RUICHANG",29.695,115.689,10,5.2,16
2005,11,26,TURKEY:  DOGANYOL,38.26,38.814,9,4.4,
2005,11,27,"IRAN:  QESHM, ZIRANG",26.774,55.858,10,6,13
2005,12,5,CONGO:  KALEMIE,-6.224,29.83,22,6.8,6
2005,12,12,"AFGHANISTAN:  TILI, JALALABAD, BADAKHSHAN",36.357,71.093,225,6.5,5
2005,12,14,"INDIA:  JAUSARI, CHAMOLI, NANDPRAYAG",30.476,79.255,44,5.3,1
2005,12,24,TURKEY:  AKHISAR,38.804,26.783,14,4.3,
2006,1,1,JAPAN:  HONSHU:  S. OF,31.394,140.131,10,5.6,
2006,1,8,GREECE:  SOUTHERN,36.311,23.212,66,6.7,
2006,1,27,INDONESIA:  BANDA SEA,-5.473,128.131,397,7.6,
2006,2,14,INDIA:  SIKKIM,27.382,88.388,30,5.3,2
2006,2,20,GREECE-BULGARIA BORDER REGION,41.708,25.544,10,4.6,
2006,2,22,MOZAMBIQUE,-21.324,33.583,11,7,4
2006,2,23,BHUTAN:  TASHIGANG,26.912,91.705,10,5.8,
2006,2,28,IRAN:  SOUTHERN,28.12,56.865,18,6,
2006,3,7,INDIA:  GUJARAT,23.777,70.899,10,5.5,
2006,3,10,PAKISTAN:  MIRPUR DISTRICT,33.129,73.887,10,4.9,1
2006,3,14,INDONESIA:  SERAM,-3.595,127.214,30,6.7,4
2006,3,20,ALGERIA:  NORTHERN,36.623,5.328,10,4.9,4
2006,3,25,IRAN:  SOUTHERN,27.574,55.685,18,5.9,1
2006,3,28,INDONESIA:  N. SUMATRA: TAPAKTUAN,3.462,97.224,30,5,
2006,3,31,"IRAN:  WESTERN:  BORUJERD, DORUD",33.5,48.78,7,6.1,70
2006,3,31,"CHINA:  JILIN PROVINCE:  JILIN, SONGYUAN",44.624,124.122,10,4.9,
2006,4,1,TAIWAN:  T'AIT-TUNG,22.868,121.278,9,6.2,
2006,4,4,PAKISTAN:  BATGRAM,34.6,73.136,10,4.8,
2006,4,6,INDIA:  GUJARAT,23.322,70.477,10,5.5,
2006,4,11,GREECE:  ZAKYNTHOS,37.64,20.92,18,5.5,
2006,4,19,CHINA:  TIBET (XIZANG PROVINCE),31.607,90.413,33,5.7,
2006,4,20,RUSSIA:  KORYAKSKIY,60.949,167.089,22,7.6,
2006,5,3,TONGA ISLANDS,-20.187,-174.123,55,7.9,
2006,5,4,PANAMA:  BOQUETE,8.898,-82.543,,4.5,
2006,5,7,IRAN:  ZARAND,30.79,56.7,14,4.1,
2006,5,12,INDONESIA:  SUMATRA:  KALIANDAK,-5.575,105.395,17,5.5,
2006,5,26,"INDONESIA:   JAVA:  BANTUL, YOGYAKARTA",-7.961,110.446,13,6.3,5749
2006,6,3,IRAN:  SOUTHERN:  QESHM,26.759,55.843,5,5.1,2
2006,6,3,TURKEY:  HAKKARI,37.605,43.787,10,4.1,
2006,6,3,MALAWI:  SALIMA,-14.52,34.28,10,3.8,
2006,6,11,JAPAN:  KYUSHU,33.129,131.141,140,6.3,
2006,6,13,ALBANIA:  TEPELENE,40.27,19.96,10,4.5,
2006,6,20,CHINA:  GANSU PROVINCE,33.068,104.95,24,4.5,
2006,7,17,INDONESIA:  JAVA,-9.254,107.411,34,7.7,802
2006,7,22,CHINA:  YANJIN,27.995,104.138,56,4.9,22
2006,7,29,TAJIKISTAN:  PANJ-QUMSANGIR,37.255,68.828,34,5.6,3
2006,8,5,ARGENTINA:  MENDOZA,-33.131,-68.707,22,5.6,
2006,8,18,TAJIKISTAN:  DUSHANBE (STALINABAD),38.246,69.22,10,4.7,
2006,8,24,FRANCE,45.84,-0.14,5,4.3,
2006,8,25,CHINA:  SICHUAN PROVINCE,28.012,104.151,22,4.6,1
2006,9,10,GULF OF MEXICO,26.319,-86.606,14,5.8,
2006,9,28,SAMOA ISLANDS,-16.592,-172.033,28,6.9,
2006,9,29,TRINIDAD:  PORT-OF-SPAIN,10.876,-61.756,53,6.1,
2006,9,29,TRINIDAD:  GASPARILLO,10.814,-61.758,52,5.5,1
2006,10,15,HAWAIIAN ISLANDS,19.878,-155.935,39,6.7,
2006,10,20,PERU:  CENTRAL,-13.457,-76.677,23,6.7,
2006,10,27,CHINA:  HUBEI,31.56,113.21,10,4.5,
2006,11,3,CHINA:  NEI MONGOL,43.469,119.558,10,4.7,
2006,11,13,TAIWAN REGION,20.656,119.997,14,5.2,
2006,11,15,RUSSIA:  KURIL ISLANDS,46.592,153.266,10,8.3,
2006,11,17,FRANCE:  PYRENEES,42.99,-0.05,10,4.7,
2006,11,23,HUNGARY:  BEREGDAROC,48.195,22.46,10,4.8,
2006,11,23,CHINA:  XINJIANG PROVINCE:  NORTH,44.229,83.524,20,4.7,
2006,11,24,INDONESIA:  SULAWESI: PINRANG,-3.728,119.233,31,5.2,
2006,11,29,INDONESIA:  HALMAHERA:  MOROTAI,2.52,128.283,39,6.2,
2006,12,1,INDONESIA:  SUMABAWA:  BIMA,-8.251,118.777,43,6.3,1
2006,12,8,SWITZERLAND:  BASEL,47.58,7.6,5,3.9,
2006,12,12,THAILAND:  MAE RIM,18.901,98.916,10,4.6,
2006,12,17,"INDONESIA:  SUMATERA:  NORTHERN, MUARASIPONGI",0.626,99.859,30,5.8,7
2006,12,24,INDIA:  RAJASTHAN,26.88,76.15,10,4.2,
2006,12,25,KYRGYZSTAN:  KOCHKOR,42.156,76.163,12,5.8,
2006,12,26,TAIWAN:  PINGTUNG,21.799,120.547,10,7,2
2006,12,31,HUNGARY:  BUDAPEST,47.449,19.343,5,4.1,
2007,1,8,KYRGYZSTAN:  ISFARIA,39.803,70.311,18,6,
2007,1,9,CHINA:  GANSU PROVINCE,37.021,103.911,20,4.5,
2007,1,10,CHINA:  GANSU PROVINCE,33.259,104.74,23,4.7,
2007,1,13,RUSSIA:  KURIL ISLANDS,46.243,154.524,10,8.1,
2007,1,21,TURKEY:  E,39.592,42.863,3,5.1,
2007,1,21,INDONESIA:  MOLUCCA ISLANDS:  N,1.065,126.282,22,7.5,4
2007,2,16,PHILIPPINES:  MINDANAO,6.614,126.24,79,4.9,
2007,2,21,"TURKEY:  DOGANKOY, PUTURGE, SIVRICE",38.318,39.267,10,5.7,
2007,3,6,INDONESIA:  SUMATRA:  SOUTHERN,-0.493,100.498,19,6.4,67
2007,3,6,"COLOMBIA:  CAUCA, SOTARA, PURACE,",2.082,-76.495,43,5,
2007,3,6,IRAN:  WESTERN:  DORUD,33.49,48.93,16,4.7,
2007,3,25,VANUATU ISLANDS,-20.617,169.357,34,7.1,
2007,3,25,JAPAN:  HONSHU:  W COAST,37.336,136.588,8,6.7,1
2007,3,25,"GREECE:  ARGOSTOLION, KEFALLINIA",38.34,20.42,15,5.8,
2007,4,1,SOLOMON ISLANDS,-8.466,157.043,24,8.1,52
2007,4,13,"MEXICO:  GUERRERO, ATOYAC",17.302,-100.198,34,6,
2007,4,15,JAPAN:  HONSHU:  W,34.807,136.239,16,4.6,
2007,4,16,ALBANIA:  TIRANA,41.172,19.897,14,4.5,
2007,4,21,CHILE:  SOUTHERN,-45.243,-72.648,37,6.2,10
2007,4,28,UNITED KINGDOM:  ENGLAND:  FOLKESTONE,51.085,1.009,10,4.6,
2007,5,8,MONTANA:  SHERIDAN,45.394,-112.13,14,4.5,
2007,5,16,"LAOS:  BOKEO;  THAILAND:  CHIANG RAI, CHIAN SAEN",20.504,100.746,24,6.3,
2007,5,29,INDONESIA: LABUHA,-1.065,127.343,24,6.1,
2007,6,2,CHINA:  YUNNAN PROVINCE:  NING'ER,23.028,101.052,5,6.1,3
2007,6,13,GUATEMALA:  GUATEMALA CITY,13.554,-90.618,23,6.7,
2007,6,18,IRAN:  QOM,34.437,50.833,5,5.5,
2007,7,13,ECUADOR:  ZARUMA,-3.987,-79.836,50,4.5,
2007,7,16,JAPAN:  HONSHU:  W COAST,37.57,138.478,10,6.6,9
2007,7,20,CHINA:  XINJIANG:  TEKES,42.913,82.378,10,5.6,
2007,7,20,CALIFORNIA:  MONTCLAIR,37.804,-122.193,5,4.2,
2007,7,21,"TAJIKISTAN:  RASHT, ASHT",38.936,70.485,10,5.2,12
2007,7,22,"INDIA:  UTTARKASHI, CHAMOLI, MUZAFFARNAGAR",30.881,78.239,19,4.3,
2007,7,26,INDONESIA:  MALUKU:  N,2.872,127.464,25,6.9,
2007,8,1,VANUATU ISLANDS:  LUGANVILLE,-15.595,167.68,120,7.2,
2007,8,2,RUSSIA:  TATAR STRAIT,47.116,141.798,5,6.2,2
2007,8,2,ALASKA:  ALEUTIAN ISLANDS,51.307,-179.971,21,6.7,
2007,8,6,UTAH:  HUNTINGTON,39.465,-111.237,2,4.2,9
2007,8,8,INDONESIA:  JAVA,-5.968,107.655,289,7.5,
2007,8,15,"PERU:  ICA, PISCO, LIMA",-13.386,-76.603,39,8,514
2007,8,17,UTAH,39.464,-111.207,0,1.6,3
2007,8,20,INDIA:  MAHARASHTRA:  SATARA,17.2,73.7,5,4.4,
2007,8,25,"IRAN:  HADJI ABAD, ORZUIYEH",28.154,56.652,10,5,
2007,9,2,SOLOMON ISLANDS:  SANTA CRUZ ISLANDS,-11.61,165.762,35,7.2,
2007,9,9,INDONESIA:  SITUBONDO,-7.783,114.338,35,4.8,
2007,9,10,"COLOMBIA:  NARINO, EL CHARCO, ISCUANDE, LA TOLA",2.982,-77.967,31,6.8,
2007,9,12,INDONESIA:  SUMATRA,-4.438,101.367,34,8.4,25
2007,9,12,INDONESIA:  SUMATRA,-2.625,100.841,35,7.9,
2007,9,28,JAPAN:  VOLCANO ISLANDS,22.013,142.668,260,7.5,
2007,9,30,NEW ZEALAND:  AUCKLAND ISLANDS,-49.418,163.954,10,7.4,
2007,10,15,NEW ZEALAND:  SOUTH ISLAND:  FIORDLAND,-44.785,167.583,26,6.8,
2007,10,26,PAKISTAN:  GHANCHE,35.304,76.753,10,4.8,1
2007,10,31,CALIFORNIA:  SAN JOSE,37.434,-121.774,10,5.6,
2007,11,6,INDIA:  GUJARAT,21.181,70.724,10,5.1,1
2007,11,7,PHILIPPINES:  BOHOL ISLAND:  MABINI,9.721,124.647,72,5.1,1
2007,11,7,"BANGLADESH:  CHITTAGONG, BANDARBAN, RANGAMATI",22.15,92.388,29,5.1,
2007,11,14,"CHILE:  TOCOPILLA, MARIA ELENA",-22.247,-69.89,40,7.7,2
2007,11,16,PERU-ECUADOR:  GUAYAQUIL,-2.312,-77.838,123,6.8,
2007,11,20,"IRAN:  WESTERN:  QAL' EH-YE TOL, KHUZESTAN",31.68,49.93,7,4.8,
2007,11,25,INDONESIA:  SUMBAWA ISLAND,-8.277,118.339,35,6.5,3
2007,11,25,"INDIA:  BADAUN, MEERUT, NOIDA, REWARI",28.555,77.057,10,4.7,
2007,11,29,MARTINIQUE,14.944,-61.274,156,7.4,1
2007,12,9,BRAZIL:  MINAS GERAIS,-15.048,-44.231,10,4.6,1
2007,12,9,KERMADEC ISLANDS,-25.996,-177.514,153,7.8,
2007,12,15,"CHILE:  OFF CENTRAL COAST, VINA DEL MAR, VALPARAISO",-32.689,-71.695,25,5.9,
2007,12,20,NEW ZEALAND:  OFF COAST NORTH ISLAND,-39.011,178.291,20,6.6,1
2007,12,20,"TURKEY:  CENTRAL:  YENIYAPAN, ABAZLAR, SUYUGUZEL",39.417,33.212,10,5.7,
2007,12,26,TURKEY:  CENTRAL:  ANKARA,39.446,33.162,8,5.6,
2008,1,1,KYRGYZSTAN:  OSH,40.288,72.985,6,5.6,
2008,1,5,"GUATEMALA:  COLOMBA, FLORES, COSTA CUCA",14.129,-91.479,66,5.6,
2008,1,7,"INDONESIA: NEW GUINEA: MANOKWARI,",-0.795,134.012,12,5.9,
2008,1,9,ALGERIA:  ORAN,35.616,-0.57,10,4.6,1
2008,1,12,"INDIA-BANGLADESH:  RANGAMATI, BANGLADESH",22.761,92.333,34,5,
2008,1,22,INDONESIA:  SUMATRA:  NIAS ISLAND:  GUNUNGSITOLI,1.011,97.442,20,6.1,1
2008,2,3,CONGO:  BUKAVU,-2.296,28.9,10,5.9,38
2008,2,6,INDIA:  WEST BENGAL,23.433,87.111,10,4.3,1
2008,2,9,MEXICO:  BAJA CALIFORNIA,32.456,-115.315,3,5.1,
2008,2,13,IRAN:  NASIRABAD,31.73,51.2,14,4.9,
2008,2,14,RWANDA:  GISENYI,-2.404,28.918,10,4.9,1
2008,2,15,LEBANON-SYRIA:  BAALBEC,33.327,35.305,10,5,
2008,2,20,INDONESIA:  SUMATERA:  ACEH PROVINCE,2.768,95.964,26,7.4,3
2008,2,21,NEVADA:  WELLS,41.153,-114.867,7,6,
2008,2,25,INDONESIA:  SUMATRA:  PADANG,-2.486,99.972,25,6.5,
2008,2,27,UNITED KINGDOM:  ENGLAND:  LINCOLNSHIRE,53.403,-0.332,18,4.8,
2008,2,29,BRAZIL:  SOBRAL,-3.7,-40.35,10,4.3,
2008,3,9,INDIA:  GUJARAT,23.33,70.592,10,4.5,
2008,3,20,CHINA:  XINJIANG PROVINCE,35.49,81.467,10,7.2,
2008,3,29,PERU:  OFF COAST,-12.178,-77.164,51,5.3,
2008,4,9,NEW CALEDONIA: LOYALTY ISLANDS,-20.071,168.892,33,7.3,
2008,4,15,GUATEMALA,13.564,-90.599,33,6.1,
2008,4,18,ILLINOIS:  WEST SALEM,38.452,-87.886,14,5.3,
2008,4,26,NEVADA:  FALLON,39.52,-119.93,1,5,
2008,4,28,VANUATU ISLANDS,-19.941,168.953,32,6.4,
2008,5,1,"IRAN:  LORESTAN, BOROUJERD",33.86,48.59,16,4.5,
2008,5,7,JAPAN:  HONSHU:  E COAST,36.158,141.521,39,6.8,
2008,5,12,CHINA:  SICHUAN PROVINCE,31.002,103.322,19,7.9,87652
2008,5,21,BRAZIL:  ALCANTARAS,-3.91,-40.44,10,,
2008,5,24,"COLOMBIA:  META, QUETAME",4.33,-73.764,9,5.6,6
2008,5,25,CHINA:  SICHUAN PROVINCE,32.57,105.424,10,6,8
2008,5,26,PANAMA-COSTA RICA,8.423,-82.968,13,5.6,
2008,5,27,CHINA:  SICHUAN PROVINCE,32.71,105.54,10,5.7,
2008,5,29,ICELAND: REYKJAVIK,64.004,-21.012,10,6.3,
2008,6,6,ALGERIA:  ORAN,35.883,-0.658,4,5.5,1
2008,6,6,INDIA:  MANPUR,24.702,84.964,11,3.8,
2008,6,8,"GREECE:  ACHAIA, ILEIA",37.963,21.525,16,6.3,2
2008,6,13,JAPAN:  HONSHU:  TOKYO,39.03,140.881,8,6.9,13
2008,7,1,"PERU:  CENTRAL:  OXAPAMPA, HUANCABAMBA",-10.368,-75.512,33,5.5,
2008,7,3,IRAN:  NE:  KATKAN,35.5,58.8,10,5,
2008,7,5,RUSSIA:  SEA OF OKHOTSK,53.882,152.886,633,7.7,
2008,7,8,PERU:  AREQUIPA,-15.986,-71.748,123,6.2,1
2008,7,19,JAPAN:  OFF EAST COAST OF HONSHU ISLAND,37.552,142.214,22,6.9,
2008,7,23,JAPAN:  HONSHU:  N,39.802,141.464,108,6.8,1
2008,7,24,CHINA:  SICHUAN PROVINCE,32.747,105.542,10,5.6,1
2008,7,29,CALIFORNIA:  LOS ANGELES,33.953,-117.761,15,5.4,
2008,8,1,CHINA:  SICHUAN PROVINCE,32.036,104.722,7,5.7,
2008,8,5,CHINA:  SICHUAN PROVINCE,32.756,105.494,6,6,4
2008,8,11,VENEZUELA:  CARIACO-CUMANA,10.514,-64.171,13,5.2,
2008,8,15,PHILIPPINES:  LUZON:  LEGASPI,12.897,124.319,10,6,
2008,8,19,CHINA:  YUNNAN PROVINCE,25.051,97.919,46,5,
2008,8,21,CHINA:  YUNNAN PROVINCE,25.044,97.684,1,6,5
2008,8,25,NEW ZEALAND:  NORTH ISLAND,-39.715,176.851,32,5.5,
2008,8,25,CHINA:  TIBET (XIZANG PROVINCE),30.901,83.52,12,6.7,
2008,8,26,ATLANTIC OCEAN:  SOUTH,-52.533,26.417,10,5,
2008,8,27,RUSSIA:  LAKE BAYKAL,51.607,104.158,16,6.2,
2008,8,30,CHINA:  SICHUAN PROVINCE,26.272,101.937,17,5.9,43
2008,9,3,TURKEY:  ADIYAMAN,37.507,38.503,6,4.1,
2008,9,9,INDONESIA:  SUMATRA:  SOUTHERN,-3.935,103.058,25,5.4,2
2008,9,10,IRAN:  HORMOZGAN PROVINCE,26.743,55.828,12,6.1,7
2008,9,11,JAPAN:  HOKKAIDO,41.892,143.754,25,6.8,
2008,9,16,INDIA:  MAHARASHTRA,17.438,73.915,10,5,1
2008,10,5,KYRGYZSTAN: NURA,39.533,73.824,27,6.6,74
2008,10,6,CHINA:  TIBET (XIZANG PROVINCE),29.807,90.35,12,6.3,9
2008,10,11,RUSSIA:  CAUCASUS:  CHECHNYA,43.372,46.254,16,5.7,13
2008,10,28,PAKISTAN:  QUETTA,30.639,67.351,15,6.4,215
2008,10,29,PAKISTAN:  ZIARAT,30.598,67.455,14,6.4,
2008,11,10,CHINA:  QINGHAI PROVINCE,37.565,95.833,19,6.3,
2008,11,16,INDONESIA:  MINAHASSA PENINSULA,1.271,122.091,30,7.3,6
2008,11,19,"PANAMA:  PASO CANOA, DAVID, PUERTO ARMUELLES",8.267,-82.967,32,6.1,
2008,11,22,CZECH REPUBLIC:  KARVINA,49.914,18.455,,4.1,2
2008,12,7,IRAN:  S,26.99,55.8,15,5.4,
2008,12,9,CHINA:  SICHUAN PROVINCE,32.518,105.395,25,4.5,2
2008,12,10,ARGENTINA:  POTRERILLOS,-32.938,-69.259,10,4.1,
2008,12,25,MYANMAR (BURMA),23.97,97.569,35,4.7,
2008,12,25,CHINA:  YUNNAN PROVINCE:  SIMAO,23.97,97.569,35,4.8,
2008,12,29,"AFGHANISTAN; PAKISTAN:  MANSEHRA, SHANGLA",36.401,71.075,158,5.8,
2009,1,3,PAPUA NEW GUINEA:  NEAR NORTH COAST,-0.414,132.885,17,7.6,5
2009,1,3,PAPUA NEW GUINEA:  NEAR NORTH COAST,-0.691,133.305,23,7.3,
2009,1,8,COSTA RICA:  LA PAZ,10.165,-84.197,14,6.1,23
2009,1,15,RUSSIA:  KURIL ISLANDS,46.857,155.154,36,7.4,
2009,1,21,PERU:  PACCHA,-11.779,-75.626,10,4.6,
2009,2,11,INDONESIA:  KEPULAUAN TALAUD,3.884,126.397,22,7.2,
2009,2,20,PAKISTAN; INDIA:  KASHMIR,34.204,73.899,10,5.4,
2009,2,20,CHINA:  XINJIANG PROVINCE,40.657,78.692,17,5.5,
2009,3,19,TONGA ISLANDS,-23.046,-174.659,34,7.6,
2009,3,26,INDIA:  CHAIBASA,22.399,85.903,10,4.1,
2009,3,31,NICARAGUA:  SAN JUAN DEL RIO COCO,13.452,-86.06,36,4.4,
2009,4,6,ITALY:  L'AQUILA,42.334,13.334,9,6.3,309
2009,4,7,ITALY:  L'AQUILA,42.275,13.464,15,5.5,1
2009,4,9,INDIA:  JAISALMER,27.143,70.749,44,5.2,
2009,4,16,AFGHANISTAN:  NANGARHAR,34.185,70.076,6,5.4,19
2009,5,17,SAUDI ARABIA: WESTERN,25.212,37.597,10,4.6,
2009,5,19,SAUDI ARABIA: WESTERN,25.292,37.744,2,5.7,
2009,5,19,INDIA:  KASHMIR,33.198,75.787,21,4.9,
2009,5,24,BALKANS NW:  MACEDONIA,41.303,22.714,0,5.3,
2009,5,28,HONDURAS:  NORTHERN; BELIZE,16.72,-86.236,10,7.3,7
2009,5,29,VANUATU ISLANDS:  TONGOA,-17.026,168.329,13,5.7,
2009,6,2,VANUATU ISLANDS:  TONGOA,-17.757,167.949,15,6.3,
2009,6,13,KAZAKHSTAN:  TEKELI,44.724,78.864,15,5.4,1
2009,7,1,GREECE:  CRETE,34.164,25.471,19,6.4,
2009,7,4,PANAMA: PANAMA CITY,9.59,-78.966,38,6,
2009,7,9,CHINA:  YUNNAN PROVINCE:  YAOAN COUNTY,25.632,101.095,7,5.7,
2009,7,15,NEW ZEALAND:  OFF WEST COAST OF SOUTH ISLAND,-45.762,166.562,12,7.8,
2009,7,24,CHINA: TIBET (XIZANG PROVINCE):   GYUNGCAN,31.158,85.902,13,5.8,
2009,8,8,CHINA:  CHONGQING PROVINCE:  RONGCHANG,29.358,105.438,10,3.4,2
2009,8,10,INDIA:  ANDAMAN I,14.099,92.888,5,7.5,
2009,8,10,JAPAN:  HONSHU:  S COAST,34.743,138.264,40,6.4,1
2009,8,16,INDONESIA:  SUMATRA:  PADANG,-1.479,99.49,20,6.7,
2009,8,28,CHINA:  QINGHAI PROVINCE,37.696,95.718,13,6.2,
2009,8,30,MYANMAR (BURMA);  INDIA:  SIBSAGAR,25.28,95.101,82,5.2,
2009,9,2,INDONESIA:  JAVA,-7.782,107.297,46,7,81
2009,9,6,GEORGIA:  NORTHWESTERN,42.66,43.443,15,6,
2009,9,12,VENEZUELA:  CARABOBO,10.705,-67.92,10,6.3,
2009,9,18,"PHILIPPINES:  COTABATO, SULTAN KUDARAT",6.513,124.715,10,5.7,
2009,9,18,INDONESIA:  BALI:  DENPASAR,-9.138,115.593,79,5.7,
2009,9,21,BHUTAN:  TASHIGANG,27.332,91.437,14,6.1,11
2009,9,22,AUSTRALIA:  MORNINGTON,-38.28,145.25,0,3.1,
2009,9,29,SAMOA ISLANDS,-15.489,-172.095,18,8.1,192
2009,9,30,INDONESIA:  SUMATRA:  PADANG,-0.72,99.867,81,7.5,1117
2009,10,1,INDONESIA:  SUMATRA:  SOUTHERN:  KERINCI,-2.515,101.501,10,6.6,3
2009,10,7,VANUATU ISLANDS,-13.006,166.51,45,7.6,
2009,10,7,SOLOMON ISLANDS:  SANTA CRUZ ISLANDS,-12.517,166.382,35,7.8,
2009,10,9,ECUADOR:  TENA,-0.962,-77.817,35,5.4,
2009,10,22,AFGHANISTAN:  HINDU KUSH,36.517,70.95,18,6.1,5
2009,10,29,"BHUTAN:  MONGAR, PEMAGATSEL, TASHIGANG",27.262,91.417,26,5.3,
2009,11,1,CHINA:  YUNNAN PROVINCE,25.962,100.825,25,4.9,
2009,11,3,IRAN:  BANDAR ABBAS,27.334,56.202,14,5.1,
2009,11,8,INDONESIA:  SUMABAWA:  BIMA,-8.207,118.631,18,6.6,2
2009,11,27,VENEZUELA:  SIQUISIQUE,10.434,-69.715,7,5.4,
2009,12,6,SOUTH AFRICA:  CARLETONVILLE,-26.414,27.494,2,3.5,2
2009,12,8,MALAWI:  KARONGA,-9.948,33.878,8,5.9,1
2009,12,12,INDIA:  MAHARASHTRA:  SATARA,17.109,73.767,10,5.1,
2009,12,17,JAPAN:  HONSHU:  ITO,34.921,139.261,7,4.9,
2009,12,19,TAIWAN:  HUALIEN,23.796,121.605,57,6.4,
2009,12,19,MALAWI:  KARONGA,-10.108,33.818,6,6,3
2009,12,30,MEXICO:  MEXICALI,32.437,-115.165,9,5.9,
2009,12,31,BHUTAN:  DAMETSI,27.319,91.51,10,5.2,
2010,1,2,TAJIKISTAN,38.245,71.467,47,5.1,
2010,1,3,SOLOMON ISLANDS,-8.743,157.477,26,6.6,
2010,1,3,SOLOMON ISLANDS,-8.799,157.346,25,7.1,
2010,1,5,SOLOMON ISLANDS,-9.019,157.551,15,6.8,
2010,1,10,INDONESIA:  JAVA:  GARUT,-7.907,107.879,65,5.1,1
2010,1,10,CALIFORNIA:  OFF COAST NORTHERN,40.652,-124.692,29,6.5,
2010,1,12,HAITI:  PORT-AU-PRINCE,18.457,-72.533,13,7,316000
2010,1,15,VENEZUELA:  CARIACO,10.454,-63.475,8,5.5,
2010,1,16,IRAN:  KHUZESTAN:  ARRJAN,32.45,48.3,5,5,
2010,1,17,CHINA:  GUIZHOU PROVINCE,25.558,105.804,27,4.4,7
2010,1,30,CHINA:  SICHUAN PROVINCE: MOXI,30.268,105.668,10,4.7,1
2010,2,25,CHINA:  YUNNAN PROVINCE,25.523,101.903,36,4.8,
2010,2,26,"JAPAN:  TORI SHIMA, OKINAWA",25.93,128.425,25,7,
2010,2,27,"CHILE:  MAULE, CONCEPCION, TALCAHUANO",-36.122,-72.898,23,8.8,558
2010,2,27,ARGENTINA:  SALTA,-24.872,-65.602,10,6.3,2
2010,3,4,TAIWAN:  KAO-HSIUNG,22.918,120.795,21,6.3,
2010,3,8,"TURKEY:  ELAZIG PROVINCE:  OKCULAR, YUKARI DEMIRCI",38.864,39.986,12,6.1,51
2010,3,11,CHILE:  RANCAGUA,-34.29,-71.891,11,6.9,
2010,3,30,INDIA: ANDAMAN ISLANDS:  DIGLIPUR,13.667,92.831,34,6.7,
2010,4,4,MEXICO:  BAJA CALIFORNIA,32.297,-115.278,4,7.2,2
2010,4,6,INDONESIA:  SUMATRA,2.383,97.048,31,7.8,
2010,4,13,CHINA:  QINGHAI PROVINCE:  YUSHU,33.165,96.548,17,6.9,2220
2010,4,18,AFGHANISTAN:  SAMANGAN PROVINCE,35.633,67.658,13,5.6,11
2010,4,20,AUSTRALIA:  KALGOORLIE,-30.794,121.406,0,5.2,
2010,5,1,INDIA:  CHAMOLI,30.099,80.026,36,4.5,
2010,5,6,PERU:  TACNA,-18.058,-70.547,37,6.2,
2010,5,9,INDONESIA:  N. SUMATRA: SIMEULUE ISLAND,3.748,96.018,38,7.2,
2010,5,14,ALGERIA:  NORTHERN:  BENI YELLMAN,35.9,4.12,2,5.2,2
2010,5,16,"PUERTO RICO:  LARES, VEGA BAJA",18.4,-67.07,113,5.8,
2010,5,29,"ANATAHAN REGION, N. MARIANA ISLANDS",16.591,145.682,10,4.4,
2010,6,12,INDIA:  LITTLE NICOBAR ISLAND,7.881,91.936,35,7.5,
2010,6,15,CALIFORNIA:  OCOTILLO,32.7,-115.921,5,5.8,
2010,6,16,INDONESIA: NEW GUINEA:  IRIAN JAYA: JAPEN,-2.174,136.543,18,7,17
2010,6,18,INDIA:  ANDAMAN ISLANDS:  DIGLIPUR,13.197,93.087,20,5.9,
2010,6,22,INDIA:  TAULI,29.872,80.428,16,5.2,
2010,6,23,"CANADA:  QUEBEC:  VAL-DES-BOIS, GRACEFIELD",45.88,-75.48,22,5.2,
2010,6,30,MEXICO:  SAN ANDRES HUAXPALTEPEC,16.396,-97.782,20,6.2,1
2010,7,20,IRAN:  FARSINAJ,27.022,53.861,10,5.8,1
2010,7,23,PHILIPPINES:  CELEBES SEA:  MORO GULF,6.486,123.467,586,7.6,
2010,7,30,IRAN:  TORBET-I-HEYDARIYEH,35.217,59.308,24,5.4,
2010,8,10,VANUATU ISLANDS,-17.541,168.069,25,7.2,
2010,8,12,"ECUADOR:  MANTA, GUAYAQUIL, LOJA",-1.266,-77.306,207,7.1,
2010,8,13,"GUAM, NORTHERN MARIANA ISLANDS",12.484,141.476,10,6.9,
2010,8,27,IRAN:  DAMGHAN-TORUD,35.49,54.47,7,5.7,3
2010,8,29,"CHINA:  SICHUAN PROVINCE: NINGANG, ZIAOJIA",27.197,103.005,35,4.9,
2010,9,3,NEW ZEALAND:  CHRISTCHURCH,-43.522,171.83,12,7,
2010,9,6,NEW ZEALAND:  SOUTH ISLAND:  CHRISTCHURCH,-43.57,172.388,9,5,
2010,9,6,NEW ZEALAND:  NORTH ISLAND:  PORANGAHAU,-40.433,176.818,21,5.1,
2010,9,7,NEW ZEALAND:  SOUTH ISLAND:  CANTERBURY,-43.598,172.69,6,5,
2010,9,10,BANGLADESH:  NARAYANGANJ,23.407,90.648,10,4.8,
2010,9,27,IRAN:  SHIRAZ,29.647,51.665,27,5.8,1
2010,10,10,"PAKISTAN:  KHANPUR, HARIPUR",33.869,72.887,33,5.2,1
2010,10,25,INDONESIA:  SUMATRA,-3.487,100.082,20,7.8,431
2010,11,3,BALKANS NW: SERBIA:  KRALJEVO,43.76,20.673,1,5.5,2
2010,11,6,IRAN:  DORUD-RAZAN,33.37,48.94,5,4.9,
2010,11,12,PAKISTAN:  QUETTA,30.178,67.117,27,4.7,
2010,12,16,"ETHIOPIA:  JIMA,  HOSA'INA, SHENK'OLA, WENJELA",7.521,37.839,10,5.1,
2010,12,19,OKLAHOMA:  LUTHER,35.827,-96.772,5,3.7,
2010,12,20,IRAN:  KERMAN,28.412,59.18,12,6.5,7
2010,12,21,JAPAN:  BONIN ISLANDS,26.901,143.698,14,7.4,
2010,12,25,VANUATU ISLANDS,-19.702,167.947,16,7.3,
2010,12,25,NEW ZEALAND:  CHRISTCHURCH,-43.55,172.647,5,4.5,
2011,1,5,IRAN:  FARS PROVINCE,30.16,51.62,24,4.5,
2011,1,9,VANUATU ISLANDS,-19.157,168.311,24,6.5,
2011,1,18,"PAKISTAN: GARHI KHAIRO, QUETTA, BALOCHISTAN",28.777,63.951,68,7.2,3
2011,2,1,CHINA:  YUNNAN PROVINCE:  PINGYUAN,24.693,97.943,31,4.8,
2011,2,4,MYANMAR (BURMA):  MONYWA,24.618,94.68,85,6.3,1
2011,2,11,CHILE:  OFF COAST CENTRAL,-36.474,-73.125,28,6.8,
2011,2,17,COLORADO:  PAONIA,38.947,-107.497,1,3.1,
2011,2,21,"NEW ZEALAND:  CHRISTCHURCH, LYTTELTON",-43.583,172.68,6,6.1,185
2011,3,3,PHILIPPINES:  MINDANAO,9.457,125.935,50,5.5,
2011,3,9,JAPAN:  HONSHU:  E COAST,38.435,142.842,32,7.5,
2011,3,10,CHINA:  YUNNAN PROVINCE:  PINGYUAN,24.719,97.969,26,5.5,25
2011,3,11,JAPAN:  HONSHU,38.297,142.372,30,9.1,18428
2011,3,11,JAPAN:  NEAR E COAST HONSHU,36.281,141.111,43,7.9,
2011,3,11,JAPAN:  OFF EAST COAST HONSHU,38.058,144.59,19,7.6,
2011,3,24,MYANMAR:  TACHILEK,20.687,99.822,8,6.8,104
2011,4,4,"NEPAL-INDIA:  UTTARAKHAND, UTTAR PRADESH",29.698,80.754,26,5.4,
2011,4,7,JAPAN: NEAR E COAST HONSHU,38.276,141.588,42,7.1,3
2011,4,10,CHINA:  SICHUAN PROVINCE:  LUHUO,31.373,100.757,43,5.1,
2011,4,11,JAPAN:  HONSHU,37.001,140.401,11,6.6,7
2011,4,24,INDONESIA:   SULAWESI:  KENDARI,-4.586,122.771,8,6.1,
2011,5,10,NEW CALEDONIA:  LOYALTY ISLANDS,-20.244,168.226,11,6.8,
2011,5,11,SPAIN:  LORCA,37.699,-1.672,1,5.1,10
2011,5,19,TURKEY:  SIMAV,39.12,29.04,7,4.3,2
2011,6,8,CHINA:  XINJIANG PROVINCE:  DABANCHENG,43.015,88.247,21,5.3,
2011,6,13,NEW ZEALAND:  SOUTH ISLAND:  CANTERBURY,-43.564,172.743,6,6,1
2011,6,20,CHINA:  YUNNAN PROVINCE:  BAOSHAN,25.075,98.721,39,5.3,
2011,6,24,ALASKA: ALEUTIAN ISLANDS: FOX ISLANDS,52.05,-171.836,52,7.3,
2011,6,26,CHINA:  QINGHAI PROVINCE,32.447,95.948,29,5.3,
2011,7,6,NEW ZEALAND: KERMADEC ISLANDS,-29.539,-176.34,17,7.6,
2011,7,10,JAPAN:  HONSHU:  E COAST,38.034,143.264,23,7,
2011,7,19,"UZBEKISTAN:  FARGONA, VIOLYATI",40.081,71.41,20,6.1,14
2011,8,9,CHINA: YUNNAN PROVINCE: BAOSHAN,24.932,98.73,40,5,
2011,8,11,"CHINA:  XINJIANG PROVINCE:  SOUTHERN, KASHI",39.955,77.028,10,5.7,
2011,8,20,VANUATU ISLANDS,-18.365,168.143,32,7.1,
2011,8,20,VANUATU ISLANDS,-18.311,168.218,28,7,
2011,8,23,COLORADO:  SEGUNDO,37.063,-104.701,4,5.4,
2011,8,23,"VIRGINIA:  LOUISA COUNTY, MARYLAND, WASHINGTON D.C.",37.936,-77.933,6,5.8,
2011,9,2,ALASKA:  ALEUTIAN ISLANDS:  FOX ISLANDS,52.171,-171.708,32,6.8,
2011,9,5,INDONESIA:  SUMATRA,2.965,97.893,91,6.7,10
2011,9,7,INDIA:  DELHI,28.724,77.189,10,4.3,
2011,9,18,INDIA:  SIKKIM,27.73,88.155,50,6.9,111
2011,9,19,GUATEMALA:  CUILAPA SANTA ROSA,14.186,-90.238,9,5.6,1
2011,10,20,INDIA:  GUJARAT,21.211,70.533,10,5,
2011,10,21,KERMADEC ISLANDS,-28.993,-176.238,33,7.4,
2011,10,23,"TURKEY:  ERCIS, VAN",38.722,43.513,16,7.1,604
2011,10,28,PERU:  SAN VICENTE DE CANETE,-14.438,-75.966,24,6.9,1
2011,10,29,INDIA:  SIKKIM,27.449,88.684,10,3.5,2
2011,10,29,ECUADOR:  POMASQUI,-0.13,-78.37,3,4,
2011,11,1,CHINA:  XINJIANG PROVINCE,43.648,82.437,28,5.6,
2011,11,6,OKLAHOMA:  SPARKS,35.532,-96.765,5,5.7,
2011,11,7,PHILIPPINES:  MINDANAO:  BUKIDNON PROVINCE,7.904,125.185,46,5,
2011,11,8,"OKLAHOMA:  SPARKS, PRAGUE",35.531,-96.788,5,5,
2011,11,9,TURKEY:  VAN,38.429,43.229,5,5.7,40
2011,11,21,INDIA:  ASSAM,24.955,95.236,114,5.8,
2011,11,24,EL SALVADOR-GUATEMALA,13.297,-87.898,43,5.1,
2011,12,1,"CHINA:  XINJIANG PROVINCE:  SOUTHERN, KASHI",38.31,76.888,32,5.3,
2011,12,3,NEW ZEALAND:  COOK STRAIT,-41.364,174.315,56,5.3,
2011,12,11,MEXICO:  GUERRERO,17.844,-99.963,54,6.4,2
2011,12,23,NEW ZEALAND:  SOUTH ISLAND:  CHRISTCHURCH,-43.49,172.8,10,5.8,
2011,12,27,RUSSIA:  KYZYL,51.842,95.911,15,6.7,
2012,1,19,IRAN:  KHORASAN-E-RAZAVI,36.288,58.835,8,5.3,
2012,1,30,PERU:  ICA,-14.168,-75.635,43,6.4,
2012,2,2,VANUATU ISLANDS,-17.827,167.133,23,7,
2012,2,6,PHILIPPINES:  NEGROS ORIENTAL PROVINCE,9.999,123.206,11,6.7,51
2012,2,26,TAIWAN:  PINGTUNG,22.661,120.891,28,5.9,
2012,2,27,IRAN:  RAVAR,31.428,56.778,10,5.2,
2012,3,5,PHILIPPINES:  MASBATE ISLAND,12.354,123.7,37,5.6,
2012,3,8,CHINA: XINJIANG,39.383,81.307,38,5.9,
2012,3,9,VANUATU ISLANDS,-19.125,169.613,16,6.7,
2012,3,14,JAPAN:  HOKKAIDO,40.887,144.944,12,6.9,
2012,3,16,PHILIPPINES:  SURIGAO,10.037,125.633,18,5.8,
2012,3,20,"MEXICO:  GUERRERO, OAXACA",16.493,-98.231,20,7.4,2
2012,3,25,"CHILE:  PARRAL, SANTIAGO",-35.2,-72.217,41,7.2,1
2012,4,11,INDONESIA:  N SUMATRA:  OFF WEST COAST,2.327,93.063,20,8.6,10
2012,4,11,INDONESIA:  N SUMATRA:  OFF WEST COAST,0.802,92.463,25,8.2,
2012,4,14,VANUATU ISLANDS,-18.972,168.741,11,6.3,
2012,4,17,CHILE:  VALPARAISO,-32.625,-71.365,29,6.7,2
2012,5,3,"IRAN:  MOURMOURI, ABDANAN, DEHLORAN",32.747,47.726,10,5.4,
2012,5,7,AZERBAIJAN:  ZAGATALA,41.549,46.789,11,5.7,
2012,5,11,"INDIA:  ASSAM:  KAMRUP, GUWAHATI",26.175,92.889,43,5.4,
2012,5,12,TAJIKISTAN,38.612,70.354,10,5.7,1
2012,5,14,CHILE:  ARICA; PERU:  TACNA,-17.678,-69.591,10,6.3,
2012,5,19,BRAZIL:  MONTES CLAROS,-16.764,-43.999,10,4.1,
2012,5,20,ITALY:  EMILIA ROMAGNA:  MIRANDOLA,44.89,11.23,6,6.1,7
2012,5,20,ITALY:  SANT'AGOSTINO,44.831,11.49,5,5.1,
2012,5,22,BULGARIA: PERNIK,42.645,22.968,10,5.6,
2012,5,29,"ITALY:  EMILIA ROMAGNA:  MEDOLLA, MIRANDOLA, CAVEZZO",44.851,11.086,10,5.9,17
2012,6,4,INDONESIA:  JAVA,-7.692,106.371,50,5.8,
2012,6,10,TURKEY:  FETHIYE; GREECE:  RHODES,36.42,28.88,35,6.1,
2012,6,11,AFGHANISTAN:  HINDU KUSH,36.023,69.351,16,5.8,75
2012,6,14,TURKEY:  SIRNAK,37.294,42.325,5,5.3,
2012,6,24,CHINA:  YUNNAN AND SICHUAN PROVINCES,27.767,100.781,10,5.5,4
2012,6,29,CHINA:  XINJIANG PROVINCE,43.433,84.7,18,6.3,
2012,7,20,CHINA:  JIANGSU PROVINCE,32.978,119.593,10,4.9,1
2012,7,25,INDONESIA: BANDA ACEH,2.707,96.045,22,6.5,1
2012,7,25,SOLOMON ISLANDS: GUADALCANAL,-9.694,159.727,20,6.4,
2012,8,11,"IRAN:  AHAR, HARIS, VARZAGAN",38.329,46.826,11,6.5,306
2012,8,14,RUSSIA:  SAKHALIN ISLAND,49.8,145.064,583,7.7,
2012,8,18,"INDONESIA:  SULAWESI:  SIGI, PARIGI MOUNTONG",-1.315,120.096,10,6.3,6
2012,8,27,NICARAGUA:  OFF THE COAST,12.139,-88.59,28,7.3,
2012,8,31,"PHILIPPINES:  CAGAYAN DE ORO, TACLOBAN",10.811,126.638,28,7.6,1
2012,9,5,COSTA RICA:  NICOYA,10.085,-85.315,35,7.6,2
2012,9,7,CHINA: YUNNAN PROVINCE:  ZHAOTONG:  YILIANG,27.575,103.983,10,5.6,81
2012,10,18,"INDIA:  DEURALA, JAISINGHNAGAR, KOTMA, SARAI, UMARIA",23.739,81.314,10,5,
2012,10,28,CANADA:  QUEEN CHARLOTTE ISLANDS,52.788,-132.101,14,7.7,1
2012,11,7,"GUATEMALA:  SAN MARCOS, SAN CRISTOBAL COCHU",13.988,-91.895,24,7.3,48
2012,11,11,MYANMAR (BURMA):  SHWEBO,23.005,95.885,14,6.8,26
2012,11,26,CHINA:  XINJIANG PROVINCE:  RUOQIANG,40.411,90.355,10,5.1,
2012,12,5,IRAN:  KHORASAN PROVINCE,33.506,59.571,14,5.7,8
2012,12,7,JAPAN:  HONSHU:  MIYAGI PREFECTURE,37.89,143.949,31,7.2,
2013,1,5,ALASKA:  SOUTHEASTERN,55.393,-134.652,10,7.5,
2013,1,21,INDONESIA:  SUMATERA:  N,4.927,95.907,12,6.1,1
2013,2,6,SOLOMON ISLANDS:  SANTA CRUZ ISLANDS,-10.799,165.114,24,7.9,10
2013,2,8,SOLOMON ISLANDS:  SANTA CRUZ ISLANDS,-10.928,166.018,21,7,
2013,2,9,"COLOMBIA:  CAUCA, NARINO, VALLE DEL CAUCA, RISARALDA",1.135,-77.393,145,7,
2013,2,15,RUSSIA:  CHELYABINSK (METEOR EXPLOSION),55.15,61.41,,4.2,
2013,2,19,CHINA:  YUNNAN PROVINCE:  QIAOJIA,27.226,103.071,10,4.9,
2013,2,22,PERU:  S,-15.748,-71.425,8,5.3,
2013,3,3,CHINA:  YUNNAN PROVINCE,25.98,99.812,8,5.4,
2013,3,11,CHINA:  XINJIAN PROVINCE:  S,40.119,77.466,10,5.1,
2013,3,27,"TAIWAN:  NANTOU COUNTY, TAIPEI",23.828,121.215,19,6,1
2013,4,9,"IRAN:  BUSHEHR PROVINCE:  SHANBE, KAKI, SENA",28.428,51.593,12,6.3,37
2013,4,10,HONDURAS: ATLANTIDA,15.52,-87.159,4,5.4,
2013,4,12,JAPAN,34.369,134.828,14,5.8,
2013,4,16,IRAN; PAKISTAN:  MASHKAL,28.033,61.996,80,7.7,40
2013,4,17,JAPAN: MIYAKEJIMA,33.958,139.352,9,5.8,
2013,4,18,TEXAS:  WEST,31.817,-97.088,0,2.1,14
2013,4,19,RUSSIA:  KURIL ISLANDS,46.221,150.788,110,7.2,
2013,4,20,CHINA:  SICHUAN PROVINCE:  LONGMEN,30.308,102.888,14,6.6,196
2013,4,22,MEXICO:  MICHOACAN: LAZARO CARDENAS,18.081,-102.182,30,6,
2013,4,24,AFGHANISTAN:  KAMA,34.526,70.22,64,5.5,18
2013,5,1,"INDIA:  KASHMIR:  DODA, KISHTWAR, RAMBAN",33.061,75.863,15,5.7,3
2013,5,11,IRAN:  HORMOZGAN: BASHAGARD,26.56,57.77,15,6.1,2
2013,5,19,ALGERIA:  ALGIERS,36.703,5.261,7,4.9,
2013,5,24,RUSSIA:  SEVERO KURILSKIYE,54.892,153.221,598,8.3,
2013,6,1,"PHILIPPINES:  N. COTABATO:  KIMADZIL, KIBUGTONGAN",7.275,124.898,10,5.7,
2013,6,2,TAIWAN:  JENAI,23.789,121.141,17,6.3,4
2013,6,15,GREECE:  CRETE,34.4,25.02,10,6.2,
2013,6,18,RUSSIA:  KEMEROVO,54.263,86.173,10,5.3,
2013,6,22,INDONESIA:  LOMBOK ISLAND,-8.305,116.058,47,5.1,
2013,7,2,INDONESIA:  BANDA ACEH,4.645,96.665,13,6.1,48
2013,7,8,INDONESIA:  JAVA,-8.803,113.002,60,5.7,
2013,7,17,ALGERIA:  HAMMAM MELOUANE,36.534,3.086,10,4.8,
2013,7,21,NEW ZEALAND:  COOK STRAIT,-41.704,174.337,17,6.5,
2013,7,21,"CHINA:   GANSU:  DINGXI, MIN",34.512,104.262,8,6,94
2013,8,2,INDIA:  KASHMIR:  KISHTWAR,33.297,75.95,42,5.2,
2013,8,7,"GREECE:  CENTRAL:   PHTHIOTIS, REGGINI",38.689,22.695,0,5.5,
2013,8,11,CHINA:  TIBET (XIZANG PROVINCE): QAMDO,30.046,97.957,6,5.7,
2013,8,16,"NEW ZEALAND:  WELLINGTON, MARLBOROUGH",-41.731,174.027,12,6.5,
2013,8,21,"MEXICO:  SAN MARCOS, ACAPULCO",16.878,-99.498,21,6.2,
2013,8,27,CHINA:  YUNNAN PROVINCE: SHANGRI-LA,28.239,99.328,10,5.2,
2013,8,31,CHINA:  YUNNAN PROVINCE:  BENZILAN,28.243,99.35,8,5.8,5
2013,9,7,"GUATEMALA:  COATEPEQUE, QUETZALTENANGO",14.606,-92.121,66,6.4,1
2013,9,24,"PAKISTAN:  AWARAN, KECH",26.951,65.501,15,7.7,825
2013,9,25,PERU:  AREQUIPA,-16.15,-74.87,31,7.1,
2013,9,28,PAKISTAN: AWARAN,27.183,65.505,12,6.8,22
2013,10,12,GREECE:  CRETE:  CHANIA,35.514,23.252,40,6.6,
2013,10,15,"PHILIPPINES:  BOHOL, CEBU, SIQUIJOR IS",9.88,124.117,19,7.1,222
2013,10,22,INDONESIA:  BANDA ACEH,5.103,95.971,10,5.5,1
2013,10,25,JAPAN:  HONSHU:  E COAST,37.2,144.6,10,7.1,
2013,11,10,TAJIKISTAN:  VAHDAT,38.41,68.89,23,5.2,
2013,11,17,SCOTIA SEA:  SOUTH ORKNEY ISLANDS,-60.274,-46.401,10,7.7,
2013,11,22,CHINA:  JILIN PROVINCE:  SONGYUAN,44.599,124.168,10,5.3,
2013,11,28,IRAN:  BORAZJAN,29.275,51.313,4,5.7,8
2014,1,2,IRAN:  BASTAK,27.15,54.448,8,5.3,1
2014,1,5,COLOMBIA:  SIPI,4.557,-76.644,54,5.6,
2014,1,13,PUERTO RICO,19.043,-66.81,20,6.4,
2014,1,20,"NEW ZEALAND: WELLINGTON, MANAWATU-WANGANUI",-40.66,175.814,28,6.1,
2014,1,25,INDONESIA:  JAVA:  BANYUMAS,-7.986,109.265,66,6.1,
2014,1,26,GREECE:  KEFALONIA,38.208,20.453,8,6.1,
2014,2,2,IRAN:  GOHARAN,26.589,57.741,10,5.3,
2014,2,3,GREECE:  KEFALONIA:  LIXOURION,38.244,20.379,4,6,
2014,2,9,OKLAHOMA:  GUTHRIE,35.937,-97.271,5,4.1,
2014,2,12,CHINA:  XINJIANG PROVINCE:  YUTIAN,35.905,82.586,10,6.9,
2014,2,26,AUSTRALIA:  KALGOORLIE,-30.686,121.332,1,4.5,
2014,3,13,JAPAN:  SOUTHWESTERN,33.684,131.825,79,6.3,
2014,3,16,CHILE:  IQUIQUE,-19.965,-70.814,21,6.7,
2014,3,29,"CALIFORNIA:  LA HABRA, BREA, FULLERTON",33.863,-117.835,4,5.1,
2014,4,1,"CHILE:  NORTHERN:  IQUIQUE, ALTO HOSPICIO",-19.61,-70.769,25,8.2,7
2014,4,3,CHILE:  NORTHERN:  IQUIQUE,-20.571,-70.493,22,7.7,
2014,4,4,CHINA:  YUNNAN PROVINCE:  XILUODU,28.174,103.619,25,5.4,
2014,4,10,"NICARAGUA:  NAGAROTE, MANAGUA",12.403,-86.378,13,6.1,2
2014,4,11,PAPUA NEW GUINEA:  BOUGAINVILLE ISLAND,-6.586,155.049,61,7.1,1
2014,4,12,SOLOMON ISLANDS,-11.27,162.148,23,7.6,
2014,4,13,SOLOMON ISLANDS,-11.463,162.051,39,7.4,
2014,4,14,"NICARAGUA:  MANAGUA, CIUDAD SANDINO",12.151,-86.281,10,5.2,
2014,4,18,MEXICO:  GUERRERO; MEXICO CITY,17.397,-100.972,24,7.2,
2014,4,19,PAPUA NEW GUINEA:  SOLOMON SEA,-6.755,155.024,43,7.5,
2014,5,5,THAILAND:  CHIANG RAI,19.656,99.67,6,6.1,1
2014,5,8,MEXICO:  TECPAN,17.235,-100.746,17,6.4,
2014,5,8,PAKISTAN:  NAWABSHAH,26.387,68.358,15,4.5,2
2014,5,17,GERMANY:  HESSE,49.799,8.69,5,3.6,
2014,5,19,ALBANIA:  BELSH,41.115,19.777,10,5,
2014,5,24,"GREECE, TURKEY",40.24,25.33,23,6.9,3
2014,5,30,CHINA:  YUNNAN PROVINCE:  YINGJIANG,25,97.845,10,5.9,
2014,6,23,KERMADEC ISLANDS: SSE OF RAOUL ISLAND,-29.977,-177.725,20,6.9,
2014,6,23,ALASKA:  ALEUTIAN ISLANDS,51.849,178.735,109,7.9,
2014,7,7,MEXICO; GUATEMALA:  SAN MARCOS,14.728,-92.578,67,6.9,3
2014,7,11,JAPAN:  SANRIKU,37.005,142.453,20,6.5,
2014,7,15,OKLAHOMA:  HARRAH,35.524,-97.146,5,3.9,
2014,7,25,ALASKA:  SOUTHEASTERN,58.306,-136.96,10,6.1,
2014,7,29,MEXICO:  OAXACA,17.682,-95.653,107,6.3,1
2014,8,1,ALGERIA:  ALGIERS,36.841,3.301,30,5.5,6
2014,8,3,"CHINA:  YUNNAN:  LUDIAN:   LONGTOUSHAN, ZHAOTONG",27.189,103.409,12,6.2,615
2014,8,5,SOUTH AFRICA:  ORKNEY,-26.99,26.705,5,5.5,1
2014,8,12,ECUADOR:  QUITO,-0.018,-78.322,12,5.1,2
2014,8,16,CHINA:  YUNNAN PROVINCE:  YONGSHAN,28.125,103.546,10,5,
2014,8,18,IRAN:  ILAM PROVINCE:  ABDANAN,32.663,47.673,6,6.2,
2014,8,24,"CALIFORNIA:  NAPA, VALLEJO",38.216,-122.312,11,6.1,1
2014,9,20,PHILIPPINES:  BARANGAY LUAYON,6.864,125.233,26,5.2,
2014,9,28,PERU:  PARURO PROVINCE,-13.843,-71.695,10,5.1,8
2014,10,7,CHINA:   YUNNAN PROVINCE:  YONGPING,23.383,100.47,9,6.1,1
2014,10,9,CHILE: EASTER ISLAND REGION,-32.108,-110.811,17,7,
2014,10,14,EL SALVADOR:  GULF OF FONSECA,12.526,-88.123,40,7.3,1
2014,11,15,INDONESIA:  N. MOLUCCAS ISLANDS,1.893,126.522,45,7.1,
2014,11,22,CHINA:  SICHUAN PROVINCE:  GARZE,30.34,101.737,9,5.9,5
2014,11,22,"JAPAN:  NAGANO:  HAKUBA, OTARI",36.641,137.888,9,6.2,
2014,12,6,CHINA:  YUNNAN PROVINCE:  YONGPING,23.358,100.533,10,5.6,1
2014,12,23,ALGERIA:  BLIDA,36.492,3.025,7,4.9,
2015,1,14,CHINA:  SICHUAN PROVINCE:  LESHAN,29.353,103.199,10,5.3,
2015,2,16,JAPAN:  HONSHU,39.856,142.881,23,6.7,
2015,2,19,VANUATU ISLANDS,-16.431,168.148,10,6.4,
2015,2,20,CHINA:  YUNNAN PROVINCE,23.01,101.755,10,4.5,
2015,2,21,BALKANS NW:  BOSNIA-HERZEGOVINA:,44.534,18.934,7,3.6,4
2015,2,22,CHINA:  XINJIANG PROVINCE:  SHAWAN,44.133,85.568,12,5.1,
2015,2,26,PAKISTAN:  BATTAGRAM,34.671,73.278,30,5.4,
2015,2,28,PERU:  AREQUIPA:  CAYLLOMA:  CABANACONDE,-15.693,-71.934,10,4.5,
2015,3,1,"CHINA:   YUNNAN PROVINCE:  CANGYUAN, GENGMA",23.5,98.9,11,5.5,
2015,3,8,BALKANS NW: SERBIA:  KOSJERIC,44.088,19.861,20,4.4,
2015,3,10,"COLOMBIA:  ANTIOQUIA, SANTANDER",6.8,-73.01,184,6.2,
2015,3,14,CHINA:  ANHUI PROVINCE:  FUYANG,33.15,115.8,10,4.6,2
2015,3,29,PAPUA NEW GUINEA,-4.729,152.562,41,7.5,
2015,4,20,TAIWAN:  TAIPEI,24.203,122.316,29,6.4,1
2015,4,25,NEPAL:   KATHMANDU; INDIA; CHINA; BANGLADESH,28.231,84.731,8,7.8,8957
2015,5,2,JAPAN:  HONSHU:  S. OF,31.529,140.213,10,5.7,
2015,5,5,PAPUA NEW GUINEA,-5.462,151.875,55,7.5,
2015,5,12,NEPAL:   DOLAKHA,27.809,86.066,15,7.3,117
2015,5,30,JAPAN:  BONIN ISLANDS [CHICHIJIMA ISLAND],27.839,140.493,664,7.8,
2015,6,4,"MALAYSIA:  SABAH:  LAHAD,DATU,KANAK",5.987,116.541,10,6,18
2015,6,28,INDIA:  KOKRAJHAR,26.638,90.41,26,5.3,
2015,7,3,CHINA:  S. XINJIANG:  HOTAN,37.6,78.2,10,6.4,3
2015,7,3,PHILIPPINES:  MINDANAO,10.169,125.891,32,6.1,1
2015,7,10,SOLOMON ISLANDS,-9.307,158.403,12,6.7,
2015,7,18,SOLOMON ISLANDS,-10.401,165.141,11,7,
2015,7,24,PAKISTAN:  ABBOTTABAD,33.856,73.193,17,5.1,3
2015,7,27,ALASKA,52.214,-169.399,23,6.9,
2015,7,27,INDONESIA:  PAPUA,-2.629,138.528,48,7,1
2015,7,29,COLOMBIA-PANAMA:  COLOMBIA:  UNGUIA,8.231,-77.315,12,5.9,
2015,8,7,RWANDA:  BUKAVU,-2.141,28.897,11,5.8,3
2015,8,9,EL SALVADOR:  ALEGRIA,13.668,-88.478,10,4.5,
2015,9,16,CHILE:  CENTRAL,-31.573,-71.674,22,8.3,15
2015,9,24,INDONESIA:  SORONG,-0.59,131.27,10,6.6,
2015,10,17,ARGENTINA:  GALPON,-25.442,-64.632,33,5.8,2
2015,10,26,AFGHANISTAN: HINDU KUSH,36.524,70.368,231,7.5,399
2015,11,4,INDONESIA:  EAST NUSA TENGGARA:  ALOR,-8.338,124.875,20,6.5,
2015,11,7,VENEZUELA:  MERIDA,8.477,-71.365,14,5.3,1
2015,11,11,CHILE:  LA SERENA,-29.439,-72.105,10,6.9,
2015,11,13,JAPAN:  KYUSYU ISLAND,31.001,128.873,12,6.7,
2015,11,17,"GREECE:  LEFKADA, KEFALONIA, ITHACA",38.67,20.6,11,6.5,2
2015,11,17,KYRGYZSTAN: OSH,40.376,73.204,18,5.6,
2015,11,18,SOLOMON ISLANDS,-8.899,158.422,13,6.8,
2015,11,22,VENEZUELA:  MERIDA,8.48,-71.42,5,5.1,1
2015,11,24,PERU-BRAZIL,-10.77,-71.41,636,7.6,
2015,11,24,PERU-BRAZIL,-10.07,-70.98,606,7.6,
2015,12,7,TAJIKISTAN,38.211,72.78,22,7.2,2
2015,12,17,MEXICO:  COCOTITLAN,15.802,-93.633,85,6.6,2
2015,12,25,AFGHANISTAN; PAKISTAN,36.494,71.126,206,6.3,4
2016,1,3,INDIA:  IMPAHL,24.804,93.651,55,6.7,13
2016,1,16,"INDONESIA: MALUKU:  BURU, AMBALAU ISLAND",-3.873,127.229,4,5.6,1
2016,1,24,ALASKA:  KENAI,59.658,-153.452,126,7.1,
2016,1,25,MOROCCO:  MELILLA,35.649,-3.682,12,6.3,1
2016,2,5,TAIWAN:  TAINAN,22.97,120.46,10,6.4,117
2016,3,2,INDONESIA: SUMATRA:,-4.952,94.33,24,7.8,
2016,4,10,AFGHANISTAN:  KHYBER PAKHTUNKHWA,36.473,71.131,212,6.6,6
2016,4,13,INDIA: ASSAM; BANGLADESH,23.094,94.865,136,6.9,2
2016,4,15,"JAPAN:  KUMAMOTO, OITA",32.791,130.754,10,7,50
2016,4,16,"ECUADOR:  NEAR WEST COAST: MANABI, ESMERALDAS",0.35,-80.16,17,7.8,663
2016,4,28,VANUATU ISLANDS,-16.043,167.379,24,7,
2016,5,11,CHINA:  TIBET (XIZANG PROVINCE),32.022,95.027,8,5.2,
2016,5,18,ECUADOR:  MANABI PROVINCE,0.495,-79.616,30,6.9,1
2016,5,28,ALGERIA:  MEDEA:  MIHOUB,36.431,3.517,11,5.4,
2016,6,1,INDONESIA:  SUMATRA:  PESISIR SELATAN,-2.097,100.665,50,6.6,1
2016,6,7,INDONESIA:  MALUKU:  TERNATE ISLAND,1.279,126.371,31,6.3,
2016,7,1,TAJIKISTAN:  RASHT,38.881,70.559,10,5,
2016,7,29,NORTHERN MARIANA ISLANDS,18.543,145.507,196,7.7,
2016,7,31,CHINA:  GUANGXI PROVINCE,24.134,111.478,25,4.9,
2016,7,31,INDONESIA:  SUMBAWA ISLAND:  WEST NUSA TENGGARA,-8.194,117.814,21,5.6,
2016,8,12,NEW CALEDONIA:  LOYALTY ISLANDS,-22.477,173.117,16,7.2,
2016,8,15,PERU:  AREQUIPA,-15.64,-71.68,8,5.5,9
2016,8,19,SOUTH SANDWICH ISLANDS,-55.285,-31.877,10,7.4,
2016,8,20,JAPAN:  OFF EAST COAST HONSHU,40.394,143.68,10,6,
2016,8,24,"ITALY:  ACCUMOLI, ARQUATA, AMATRICE",42.704,13.238,4,6.2,299
2016,8,24,MYANMAR (BURMA): CHAUK,20.923,94.569,82,6.8,4
2016,9,1,NEW ZEALAND:  GISBORNE,-37.359,179.146,19,7,
2016,9,10,TANZANIA:  LAKE VICTORIA;  UGANDA: RAKAI,-1.036,31.618,40,5.9,23
2016,9,11,BALKANS NW:  MACEDONIA,42.008,21.488,13,5.1,
2016,9,12,SOUTH KOREA:  GYEONGJU,35.781,129.216,13,5.4,1
2016,9,23,RWANDA:  RISUZI; CONGO:  UKAVU,-2.65,29.06,10,4.8,8
2016,9,28,NICARAGUA:  LEON,12.442,-86.515,8,5.5,1
2016,10,1,"PAKISTAN:  MANSEHRA, NARAN",34.905,73.682,10,5.4,1
2016,10,21,JAPAN:  KURAYOSHI,35.374,133.809,6,6.2,
2016,10,26,"ITALY:  VISSO, USSITA",42.956,13.067,10,6.1,1
2016,10,30,ITALY: NORCIA,42.84,13.11,9,6.6,2
2016,11,7,OKLAHOMA:  CUSHING,35.988,-96.805,3,5,
2016,11,13,NEW ZEALAND:  AMBERLEY,-42.737,173.054,15,7.8,2
2016,11,21,JAPAN: NEAR E COAST HONSHU,37.393,141.387,9,6.9,
2016,11,24,NICARAGUA,11.96,-88.835,33,6.9,
2016,11,25,CHINA:  XINJIANG PROVINCE:  KASHGAR,39.273,73.978,17,6.6,1
2016,11,27,"NEPAL:   MOUNT AMA DABLAM, CHARIKHARKA",27.802,86.532,10,5.4,1
2016,11,29,POLAND:  RUDNA,51.613,16.157,5,4.2,8
2016,12,1,"COSTA RICA:  PARAISO, TURRIALBA",9.949,-83.807,1,5.3,
2016,12,1,"PERU:  PUNO, LAMPA",-15.44,-70.93,10,6.2,1
2016,12,6,INDONESIA:  SUMATRA:  ACEH:  PIDIE JAYA,5.283,96.168,13,6.5,104
2016,12,8,CHINA:  N. XINJIANG:  URUMQI,43.823,86.345,18,6,1
2016,12,8,SOLOMON ISLANDS,-10.681,161.327,40,7.8,1
2016,12,9,SOLOMON ISLANDS,-10.749,161.132,20,6.9,
2016,12,17,PAPUA NEW GUINEA:  NEW BRITAIN NEW IRELAND,-4.505,153.522,95,7.9,
2016,12,19,ECUADOR:  ESMERALDAS,0.93,-79.84,6,5.4,3
2016,12,25,CHILE,-43.517,-74.391,30,7.6,
2017,1,3,INDIA:  AMBASA;  BANGLADESH,24.015,92.018,32,5.7,3
2017,1,3,FIJI ISLANDS,-19.373,176.052,12,6.9,
2017,1,6,IRAN:  KHONJ,28.2,53.107,10,5,4
2017,1,11,MADAGASCAR: ANTSIRABE,-20.16,46.647,7,5.5,2
2017,1,18,ITALY:  FARINDOLA,42.529,13.282,9,5.7,34
2017,1,22,PAPUA NEW GUINEA:  BOUGAINVILLE ISLAND,-6.246,155.172,135,7.9,3
2017,2,6,TURKEY:  CANAKKALE,39.599,26.065,10,5.3,
2017,2,6,COLOMBIA:  HUILA,3.449,-74.672,38,5.5,
2017,2,7,PAKISTAN:  PASNI,25.191,63.264,29,6.3,
2017,2,10,PHILIPPINES: SURIGAO DEL NORTE,9.907,125.452,15,6.5,8
2017,2,24,ZAMBIA:  KAPUTA,-8.44,30.031,30,5.9,
2017,3,5,PHILIPPINES: SURIGAO DEL NORTE,9.831,125.496,11,5.7,1
2017,3,13,MYANMAR (BURMA):  THARRAWADDY,17.399,96,10,5.1,2
2017,3,21,INDONESIA:  BALI,-8.492,115.323,112,5.6,
2017,3,26,CHINA:   YUNNAN PROVINCE,25.938,99.841,28,5,
2017,4,5,IRAN:  SEFID SANG,35.776,60.436,13,6.1,2
2017,4,8,"PHILIPPINES: BATANGAS, CALABARZON",13.77,120.935,14,5.9,
2017,4,10,"EL SALVADOR: SAN SALVADOR,SOYAPANGO",13.766,-89.155,10,4.8,1
2017,4,24,CHILE:  VALPARAISO,-33.038,-72.062,28,6.9,
2017,4,28,PHILIPPINES: SARANGANI,5.504,125.066,26,6.9,
2017,5,1,ALASKA:  SKAGWAY; CANADA:  BRITISH COLUMBIA,59.852,-136.677,1,6.2,
2017,5,3,"KYRGYZSTAN:  OSH, BATKEN",39.494,71.444,11,6,
2017,5,10,"CHINA: XINJIANG: QUZGUN, TAXKORGAN TAJIK",37.643,75.31,8,5.4,8
2017,5,11,IRAN:  ARDABIL,39.816,48.57,63,5.1,
2017,5,13,IRAN: KHORASAN,37.769,57.206,8,5.6,3
2017,5,25,TANZANIA: MWANZA,-3.043,32.888,10,4.4,1
2017,5,28,"TURKEY: MANISA: SARUHANLI, GOLMARMARA",38.764,27.778,3,4.9,
2017,5,29,INDONESIA:  SULAWESI:  POSO,-1.292,120.431,12,6.6,
2017,6,12,GREECE: LESBOS,38.93,26.365,12,6.3,1
2017,6,14,"GUATEMALA: QUETZALTENANGO, SUCHITEPEQUEZ; MEXICO",14.909,-92.009,93,6.9,5
2017,6,21,NEPAL:  DHADING,27.64,85.17,,3.2,1
2017,6,22,"GUATEMALA: ESCUINTLA, SUCHITEPEQUEZ, GUATEMALA",13.717,-90.972,38,6.8,
2017,6,24,MOZAMBIQUE,-19.45,34.488,27,5.6,
2017,7,6,PHILIPPINES: LEYTE,11.127,124.629,11,6.5,4
2017,7,17,RUSSIA: BERING ISLAND,54.443,168.857,10,7.7,
2017,7,18,PERU:  AREQUIPA,-16.416,-73.636,44,6.4,1
2017,7,20,"TURKEY: BODRUM, DATCA; GREECE: KOS",36.929,27.414,7,6.6,2
2017,8,2,CHILE:  SANTIAGO,-33.201,-70.614,99,5.4,1
2017,8,8,CHINA:  SICHUAN PROVINCE:  ABA,33.193,103.855,9,6.5,29
2017,8,8,CHINA:  XINGJIANG: BORTALA,44.302,82.832,20,6.3,
2017,8,11,PERU: AREQUIPA,-16.299,-73.474,41,5.6,1
2017,8,13,PERU:  JUNIN,-10.721,-74.566,32,5.8,1
2017,8,21,ITALY:  ISCHIA ISLAND,40.783,13.939,3,4.2,2
2017,8,22,PHILIPPINES: LEYTE: ORMOC,10.954,124.707,17,5,2
2017,9,8,"MEXICO: OAXACA, CHIAPAS, TABASCO; GUATEMALA",14.761,-94.103,46,8.2,98
2017,9,19,"MEXICO: MEXICO CITY, MORELOS, PUEBLA",18.339,-98.68,39,7.1,369
2017,9,23,MEXICO:  OAXACA,16.626,-95.078,10,6.1,5
2017,9,23,PHILIPPINES: MINDANAO: LANAO DEL SUR PROVINCE,7.562,124.743,8,5.7,
2017,10,31,NEW CALEDONIA:  LOYALTY ISLANDS,-21.697,169.149,24,6.7,
2017,10,31,INDONESIA:  MALUKU:  AMBON,-3.745,127.752,6,6.1,1
2017,11,1,NEW CALEDONIA:  LOYALTY ISLANDS,-21.648,168.859,22,6.6,
2017,11,12,IRAN: KERMANSHAH; IRAQ: KURDISTAN,34.911,45.959,19,7.3,630
2017,11,13,COSTA RICA: JACO,9.515,-84.487,19,6.5,2
2017,11,15,SOUTH KOREA: POHANG,36.074,129.27,10,5.5,
2017,11,17,CHINA:  TIBET (XIZANG PROVINCE): NYINGCHI,29.833,94.984,8,6.4,
2017,11,18,INDONESIA: NORTH MALUKU: MOROTAI,2.465,128.148,8,5.8,1
2017,11,19,NEW CALEDONIA:  LOYALTY ISLANDS,-21.638,168.673,14,6.3,
2017,11,19,NEW CALEDONIA:  LOYALTY ISLANDS,-21.503,168.598,13,6.6,
2017,11,19,NEW CALEDONIA:  LOYALTY ISLANDS,-21.325,168.672,10,7,
2017,11,23,CHINA: CHONGQING: WULONG,29.349,108.058,10,5.1,
2017,12,1,IRAN:  KERMAN,30.746,57.307,9,6.1,
2017,12,15,INDONESIA:  JAVA,-7.492,108.174,90,6.5,4
2017,12,20,IRAN:  ALBORZ,35.649,50.962,10,4.9,2
2017,12,26,"IRAN: ALBORZ, TEHRAN",35.716,51.256,10,4,1
2018,1,4,BALKANS NW:  MONTENEGRO: BERANE,42.66,19.862,10,5.1,
2018,1,6,IRAN:  KERMANSHAH,34.585,45.77,10,5,
2018,1,8,THE NETHERLANDS: GRONINGEN,53.2,6.6,,3.4,
2018,1,10,HONDURAS,17.483,-83.52,19,7.5,
2018,1,11,IRAN: KERMANSHAH,33.713,45.724,10,5.5,
2018,1,14,PERU: YAUCA,-15.982,-74.512,38,7.1,2
2018,1,23,INDONESIA:  JAVA:  BANTEN,-7.092,105.963,48,5.9,1
2018,1,23,ALASKA:  KODIAK ISLAND,56.004,-149.166,14,7.9,
2018,1,31,AFGHANISTAN; PAKISTAN:  BALUCHISTAN,36.526,70.851,194,6.2,2
2018,1,31,ECUADOR:  PASTAZA,-1.744,-77.672,21,5.2,1
2018,2,6,TAIWAN:  HUALIEN,24.134,121.659,17,6.4,17
2018,2,16,MEXICO:  OAXACA,16.386,-97.979,22,7.2,14
2018,2,25,"PAPUA NEW GUINEA: S HIGHLANDS, HELA;  INDONESIA",-6.07,142.754,25,7.5,145
2018,2,28,PAPUA NEW GUINEA:  S HIGHLANDS,-6.17,142.468,16,6.1,1
2018,3,4,PAPUA NEW GUINEA:  S HIGHLANDS,-6.331,142.599,10,6,11
2018,3,4,"OKLAHOMA: BRECKENRIDGE, ENID",36.473,-97.722,5,4.2,
2018,3,6,"PAPUA NEW GUINEA:  S HIGHLANDS, HELA",-6.304,142.612,20,6.7,25
2018,4,1,IRAN:  KERMANSHAH,34.403,45.748,10,5,
2018,4,3,VENEZUELA:  MERIDA,8.346,-71.719,10,4.9,
2018,4,7,PAPUA NEW GUINEA:  HELA,-5.838,142.531,18,6.3,4
2018,4,8,JAPAN:  SHIMANE PREFECTURE,35.259,132.553,10,5.7,
2018,4,10,ITALY:  MUCCIA,43.066,13.052,10,4.7,
2018,4,18,INDONESIA:  JAVA:  BANJARNEGARA,-7.248,109.654,10,4.5,3
2018,4,24,TURKEY:  ADIYAMAN,37.596,38.514,10,5.2,
2018,5,2,IRAN:  KOHGILUYEH AND BOYER-AHMAD: SISAKHT,30.705,51.49,8,5.3,
2018,5,3,SOUTH AFRICA:  WEST RAND,-26.4,27.5,,2.1,7
2018,5,4,HAWAIIAN ISLANDS: PUNA DISTRICT,19.313,-154.998,2,6.9,
2018,5,5,POLAND:  SILESIAN:  JASTRZEBIE-ZDROJ,50.124,18.683,1,4.1,5
2018,5,6,JAPAN:  HONSHU:  S. OF,31.444,140.193,10,5.4,
2018,5,6,"EL SALVADOR:  LA UNION, SAN MIGUEL",13.104,-88.062,10,5.4,
2018,5,9,AFGHANISTAN: TAKHAR;  PAKISTAN,36.994,71.382,116,6.2,
2018,5,15,COMOROS:  MAYOTTE,-12.776,45.581,17,5.9,
2018,5,27,CHINA:  JILIN PROVINCE:  NINGJIANG,45.236,124.642,10,5.3,
2018,6,5,AZERBAIJAN: SHAKI-ZAQATALA,41.526,46.786,22,5.3,1
2018,6,12,COLOMBIA:  PASTO,1.067,-77.272,11,4.9,2
2018,6,13,"INDONESIA:  MADURA ISLAND, JAVA",-7.001,113.888,10,4.6,
2018,6,17,JAPAN:  OSAKA,34.825,135.639,10,5.5,5
2018,7,21,INDONESIA: SUMATRA: SOLOK,-0.969,100.769,10,5.2,1
2018,7,22,IRAN:  KERMANSHAH,34.591,46.166,12,5.8,
2018,7,28,INDONESIA:  LOMBOK ISLAND,-8.24,116.508,14,6.4,17
2018,8,5,INDONESIA:  LOMBOK ISLAND,-8.258,116.438,34,6.9,560
2018,8,9,INDONESIA:  LOMBOK ISLAND,-8.307,116.23,15,5.9,6
2018,8,12,CHINA:   YUNNAN PROVINCE:  YUXI,24.298,102.91,10,5,
2018,8,19,FIJI ISLANDS,-18.113,-178.153,600,8.2,
2018,8,19,INDONESIA:  LOMBOK ISLAND,-8.337,116.599,16,6.3,2
2018,8,19,INDONESIA:  LOMBOK ISLAND,-8.319,116.627,21,6.9,11
2018,8,21,VENEZUELA:  SUCRE; TRINIDAD,10.773,-62.902,146,7.3,5
2018,8,25,IRAN:  KERMANSHAH,34.611,46.242,10,6,2
2018,8,29,NEW CALEDONIA:  LOYALTY ISLANDS,-22.03,170.126,21,7.1,
2018,9,5,JAPAN:  HOKKAIDO,42.686,141.929,35,6.6,44
2018,9,6,FIJI ISLANDS,-18.474,179.35,670,7.9,
2018,9,7,IRAN:  KERMAN,28.326,59.32,10,5.6,1
2018,9,8,CHINA: YUNNAN PROVINCE:  MOJIANG HANI,23.332,101.578,8,5.7,
2018,9,12,INDIA:  WEST BENGAL,26.371,90.161,10,5.3,1
2018,9,28,INDONESIA:  SULAWESI,-0.401,119.771,4,6.1,1
2018,9,28,INDONESIA:  SULAWESI,-0.256,119.846,20,7.5,4340
2018,10,7,HAITI: PORT-DEX-PAIX,20.034,-73.013,24,5.9,18
2018,10,10,"INDONESIA:  MADURA ISLAND, JAVA",-7.453,114.455,9,6,4
2018,10,16,NEW CALEDONIA:  LOYALTY ISLANDS,-21.743,169.522,17,6.5,
2018,10,25,"GREECE:  IONIAN SEA:  ZAKYNTHOS, STROFADES",37.52,20.557,14,6.8,
2018,11,14,INDONESIA:  SULAWESI:  MAMASA,-2.907,119.392,14,5.5,7
2018,11,25,IRAN: KERMANSHAH; IRAQ: KURDISTAN,34.361,45.744,18,6.3,1
2018,11,28,AFGHANISTAN:  HINDU KUSH:  BAGHLAN,35.808,68.687,22,4.9,
2018,11,30,ALASKA:  ANCHORAGE,61.316,-149.925,54,7,
2018,12,5,NEW CALEDONIA:  LOYALTY ISLANDS,-21.95,169.427,10,7.5,
2018,12,15,VANUATU ISLANDS: AMBRYM ISLAND,-16.416,168.22,11,5.4,
2018,12,16,CHINA:  SICHUAN:  YIBIN,28.295,105.013,18,5.3,
2018,12,22,MOZAMBIQUE; ZIMBABWE,-20.643,32.803,16,5.6,
2018,12,26,ITALY:  SICILY:  CATANIA,37.63,15.1,1,5,
2019,1,3,CHINA:  SICHUAN:  YIBIN,28.261,104.984,10,5.2,
2019,1,6,IRAN:  KERMANSHAH: SARPOL-E ZAHAB,34.121,45.681,14,5.6,
2019,1,12,POLAND:  RUDNA,51.52,16.09,2,3.8,1
2019,1,20,"CHILE:  COQUIMBO, LA SERENA",-30.074,-71.423,53,6.7,2
2019,1,22,POLAND:  RYDULTOWY,50.08,18.39,10,3.4,1
2019,1,26,"COLOMBIA:  CAUCA, HUILA",3.035,-75.738,10,5.6,1
2019,2,1,INDIA:  MAHARASHTRA:  PALGHAR,19.9,72.8,5,3.6,1
2019,2,1,MEXICO:  CHIAPAS; GUATEMALA:  SAN MARCOS,14.763,-92.298,68,6.6,
2019,2,5,AZERBAIJAN:  SHEMAKHA (SEMACHA),40.892,48.602,10,5.1,
2019,2,22,"ECUADOR: AZUAY, MANABI, MORONA SANT.; PERU",-2.199,-77.023,132,7.5,1
2019,2,25,CHINA:  SICHUAN PROVINCE: RONGXIAN,29.498,104.632,10,4.9,2
2019,2,27,INDONESIA: SUMATRA: SOLOK,-1.301,101.601,10,5.4,
2019,3,1,PERU:  AREQUIPA,-14.684,-70.127,257,7,1
2019,3,17,INDONESIA:  LOMBOK ISLAND,-8.418,116.52,24,5.5,6
2019,3,21,"TANZANIA:  SONGWE, MBEYA",-7.878,32.085,22,5.5,1
2019,4,12,INDONESIA:  SULAWESI ISLAND: LUWUK,-1.852,122.553,18,6.8,1
2019,4,18,TAIWAN:  HUALIEN,23.989,121.693,20,6.1,1
2019,4,22,PHILIPPINES:  PAMPANGA PROVINCE,14.924,120.497,20,6.1,18
2019,5,6,PAPUA NEW GUINEA:  MOROBE: WAMPAR,-6.977,146.44,127,7.2,
2019,5,14,"PAPUA NEW GUINEA:  RABAUL, DUKE OF YORK IS",-4.051,152.597,10,7.6,
2019,5,17,CHINA:  JILIN PROVINCE:  SONGYUAN,45.205,124.611,17,4.8,
2019,5,22,THE NETHERLANDS: GRONINGEN,53.394,6.586,10,3.2,
2019,5,26,"PERU:  LA LIBERTAD, CAJAMARCA; ECUADOR",-5.796,-75.298,110,8,2
2019,5,30,EL SALVADOR:  SAN SALVADOR,13.199,-89.306,58,6.6,1
2019,6,1,ALBANIA:  KORCE,40.501,20.722,10,5.2,
2019,6,14,CHILE:  COQUIMBO,-30.056,-72.082,11,6.4,
2019,6,15,"KERMADEC ISLANDS:  S OF, RAOUL",-30.805,-178.095,34,7.2,
2019,6,17,CHINA:  SICHUAN:  YIBIN,28.405,104.957,10,5.8,13
2019,6,18,JAPAN:  NIIGATA PREFECTURE,38.646,139.472,12,6.4,
2019,7,1,POLAND:  KATOWICE,50.287,18.997,,3.1,3
2019,7,4,CALIFORNIA:  RIDGECREST;  NEVADA,35.705,-117.506,11,6.4,1
2019,7,6,CALIFORNIA:  RIDGECREST,35.766,-117.605,8,7.1,
2019,7,8,IRAN:  MASJED-E SOLEYMAN,31.775,49.542,10,5.7,1
2019,7,9,"PHILIPPINES:  MINDANAO:  MAKILALA, TULUNAN",6.802,125.169,24,5.6,1
2019,7,12,PHILIPPINES: MINDANAO: SURIGAO DEL SUR PROVINCE,9.334,126.04,14,5.8,
2019,7,14,INDONESIA:  MOLUCCA ISLANDS:  N,-0.529,128.093,10,7.3,8
2019,7,19,GREECE:  ATHENS,38.115,23.505,10,5.3,
2019,7,24,INDIA:  MAHARASHTRA:  PALGHAR,20,72.9,10,3.8,1
2019,7,26,PHILIPPINES:  BATANES:  ITBAYAT,20.807,121.986,10,6,9
2019,8,2,INDONESIA:  JAVA:  BANTEN,-7.267,104.825,53,6.9,6
2019,8,7,TAIWAN:  TAIPEI,24.475,121.947,10,5.9,1
2019,8,8,TURKEY:  DENIZLI,37.948,29.697,10,5.8,
2019,9,7,CHINA:  SICHUAN PROVINCE: NEIJIANG,29.573,105.064,10,5.1,1
2019,9,21,ALBANIA:  DURRES,41.381,19.454,10,5.6,
2019,9,24,PAKISTAN:  MIRPUR DISTRICT,33.106,73.766,10,5.6,39
2019,9,25,INDONESIA:  MALUKU:  AMBON,-3.45,128.347,18,6.5,31
2019,9,26,TURKEY:  ISTANBUL,40.89,28.173,10,5.7,1
2019,9,26,CHILE:  SOUTH CENTRAL,-40.815,-72.002,129,6.1,1
2019,9,29,CHILE:  CONCEPCION,-35.473,-73.162,11,6.8,1
2019,10,10,INDONESIA:  PASSO,-3.65,128.216,54,5,1
2019,10,16,"PHILIPPINES:  MINDANAO:  COTABATO, DAVAO",6.712,125.005,14,6.4,7
2019,10,29,"PHILIPPINES:  MINDANAO:  COTABATO, DAVAO",6.802,125.04,15,6.6,13
2019,10,31,"PHILIPPINES:  COTABATO, SULTAN KUDARAT",6.91,125.156,10,6.5,10
2019,11,7,IRAN: MIYANEH,37.808,47.558,10,,5
2019,11,11,"FRANCE:  LE TEIL, SAINT-THOME, VIVIERS",44.612,4.638,10,4.8,
2019,11,12,INDONESIA:  MALUKU:  AMBON,-3.61,128.299,50,5,2
2019,11,14,INDONESIA:  MOLUCCA ISLANDS:  N,1.6,126.416,33,7.1,1
2019,11,18,PHILIPPINES:  MINDANAO:  BUKIDNON PROVINCE,7.625,124.912,,5.9,
2019,11,25,CHINA:  GUANGXI PROVINCE,22.96,106.711,10,5,1
2019,11,26,"ALBANIA:  DURRES, THUMANE, TIRANA",41.521,19.559,20,6.4,51
2019,12,15,PHILIPPINES:  MINDANAO:  DAVAO,6.708,125.188,22,6.8,13
2019,12,18,CHINA:  SICHUAN PROVINCE: NEIJIANG,29.639,104.946,10,5.2,
2020,1,7,"PUERTO RICO:  PONCE,SAN JUAN",17.916,-66.813,10,6.4,4
2020,1,19,CHINA:  XINJIANG PROVINCE,39.831,77.106,6,6,1
2020,1,24,TURKEY:  ELAZIG AND MALATYA PROVINCES,38.39,39.081,12,6.7,41
2020,1,28,CUBA: GRANMA;  CAYMAN IS;  JAMAICA,19.44,-78.755,10,7.7,
2020,2,23,TURKEY: VAN;  IRAN,38.482,44.367,10,6,10
2020,3,10,"INDONESIA:  JAVA:  SUKABUMI, BOGOR",-6.808,106.676,23,5,
2020,3,18,UTAH,40.751,-112.078,12,5.7,
2020,3,22,BALKANS NW:  CROATIA:  ZAGREB,45.897,15.966,10,5.4,1
2020,3,25,RUSSIA:  KURIL ISLANDS,48.986,157.693,57,7.5,
2020,4,1,CHINA:  QINGHAI PROVINCE,33.124,98.916,10,5.3,
2020,5,2,GREECE:  CRETE,34.205,25.712,17,6.6,
2020,5,7,"IRAN:  TEHRAN, DAMAVAND",35.725,52.044,10,4.6,2
2020,5,18,CHINA:   YUNNAN PROVINCE:  QIAOJIA,27.296,103.281,10,5.2,4
2020,5,29,INDONESIA:  JAVA:  IJEN,-8.058,114.242,,,1
2020,6,4,INDONESIA: NORTH MALUKU: MOROTAI,2.923,128.248,107,6.4,
2020,6,7,PERU:  COAST:  CHIMBOTE,-9.634,-78.591,57,4.5,1
2020,6,14,TURKEY:  BINGOL,39.421,40.697,10,5.9,1
2020,6,18,"KERMADEC ISLANDS:  S OF, RAOUL",-33.294,-177.838,10,7.4,
2020,6,23,MEXICO: OAXACA,16.029,-95.901,26,7.4,10
2020,6,25,TURKEY:  VAN,38.558,44.023,10,5.4,
2020,7,17,"PAPUA NEW GUINEA:  MOROBE, ORO",-7.843,147.766,80,7,1
2020,7,22,ALASKA,55.03,-158.522,28,7.8,
2020,7,27,VIETNAM: SON LA PROVINCE,20.872,104.541,10,4.8,
2020,8,9,NORTH CAROLINA:  SPARTA,36.476,-81.094,8,5.1,
2020,8,18,PHILIPPINES:  MASBATE,12.021,124.123,10,6.6,2
2020,10,19,ALASKA,54.608,-159.655,33,7.6,
2020,10,30,GREECE:  SAMOS; TURKEY:  IZMIR,37.918,26.79,21,7,118
2020,12,27,CHILE:  OFF COAST CENTRAL,-39.343,-74.99,10,6.7,
2020,12,29,BALKANS NW:  CROATIA:  PETRINJA,45.422,16.255,10,6.4,8
